fpga_ball,net,other_ref,other_value,other_pad
A1,GND,C6,100n,2
A1,GND,C9,100n,2
A1,GND,SW5,SW_Push,1
A1,GND,SW5,SW_Push,1
A1,GND,SW1,SW_Push,1
A1,GND,SW1,SW_Push,1
A1,GND,SW7,SW_Push,1
A1,GND,SW7,SW_Push,1
A1,GND,C10,100n,2
A1,GND,C7,100n,2
A1,GND,SW4,SW_Push,1
A1,GND,SW4,SW_Push,1
A1,GND,SW6,SW_Push,1
A1,GND,SW6,SW_Push,1
A1,GND,SW3,SW_Push,1
A1,GND,SW3,SW_Push,1
A1,GND,C15,100n,2
A1,GND,SW2,SW_Push,1
A1,GND,SW2,SW_Push,1
A1,GND,C39,100n,2
A1,GND,C27,4.7u,2
A1,GND,BZ1,Buzzer,2
A1,GND,J3,Conn_02x05_Row_Letter_First,3
A1,GND,J3,Conn_02x05_Row_Letter_First,4
A1,GND,C24,4u7,2
A1,GND,R7,470,2
A1,GND,C22,4u7,2
A1,GND,R23,10k,2
A1,GND,J5,USB_C_Receptacle_USB2.0,A1
A1,GND,J5,USB_C_Receptacle_USB2.0,A12
A1,GND,J5,USB_C_Receptacle_USB2.0,B1
A1,GND,J5,USB_C_Receptacle_USB2.0,B12
A1,GND,J5,USB_C_Receptacle_USB2.0,S1
A1,GND,J5,USB_C_Receptacle_USB2.0,S1
A1,GND,J5,USB_C_Receptacle_USB2.0,S1
A1,GND,J5,USB_C_Receptacle_USB2.0,S1
A1,GND,R4,470,2
A1,GND,U5,BQ24075,4
A1,GND,U5,BQ24075,5
A1,GND,U5,BQ24075,8
A1,GND,U5,BQ24075,15
A1,GND,U5,BQ24075,17
A1,GND,R2,470,2
A1,GND,J2,Conn_02x05_Row_Letter_First,3
A1,GND,J2,Conn_02x05_Row_Letter_First,4
A1,GND,C31,22pF,1
A1,GND,Y1,12Mhz,2
A1,GND,Y1,12Mhz,4
A1,GND,C28,4.7u,2
A1,GND,R34,1k,2
A1,GND,R39,10K,2
A1,GND,C8,10u,2
A1,GND,C32,100n,2
A1,GND,Q2,Q_NMOS_GSD,2
A1,GND,C21,1u,2
A1,GND,C36,100n,2
A1,GND,C19,4u7,2
A1,GND,U4,GC9A01_IPS_display,1
A1,GND,U4,GC9A01_IPS_display,5
A1,GND,U4,GC9A01_IPS_display,6
A1,GND,U4,GC9A01_IPS_display,12
A1,GND,C11,10u,2
A1,GND,U2,TLV73311PDBV,2
A1,GND,C1,4.7u,2
A1,GND,C43,100n,2
A1,GND,C40,4.7u,2
A1,GND,R38,10K,1
A1,GND,C37,100n,2
A1,GND,AA-1,TestPoint,1
A1,GND,R5,470,2
A1,GND,R24,47k,2
A1,GND,C18,100n,2
A1,GND,U9,W25Q128JVSIM,4
A1,GND,C12,1u,2
A1,GND,C29,4.7u,2
A1,GND,C17,1u,2
A1,GND,C3,4.7u,2
A1,GND,U1,APS6404L-3SQR-SN_C5333729,4
A1,GND,U3,TLV73325PDBV,2
A1,GND,R35,5k1,2
A1,GND,Q1,2N7002,2
A1,GND,R25,1k5,2
A1,GND,C16,10u,2
A1,GND,R26,2k2,2
A1,GND,U10,AMS1117-3.3,1
A1,GND,R43,10K,2
A1,GND,C23,1u,2
A1,GND,J4,JST PH S2B,2
A1,GND,R11,470,2
A1,GND,C35,100n,2
A1,GND,C5,100n,2
A1,GND,C20,4u7,2
A1,GND,U6,W25Q128JVS,4
A1,GND,C44,100n,2
A1,GND,R14,470,2
A1,GND,C13,1u,2
A1,GND,C38,100n,2
A1,GND,C33,100n,2
A1,GND,C41,100n,2
A1,GND,C26,100n,2
A1,GND,C30,22pF,1
A1,GND,C34,100n,2
A1,GND,J6,Conn_02x05_Row_Letter_First,3
A1,GND,J6,Conn_02x05_Row_Letter_First,4
A1,GND,R36,5k1,2
A1,GND,U7,RP2350_60QFN,47
A1,GND,U7,RP2350_60QFN,61
A1,GND,U7,RP2350_60QFN,61
A1,GND,U7,RP2350_60QFN,61
A1,GND,U7,RP2350_60QFN,61
A1,GND,U7,RP2350_60QFN,61
A1,GND,U7,RP2350_60QFN,61
A1,GND,U7,RP2350_60QFN,61
A1,GND,U7,RP2350_60QFN,61
A1,GND,U7,RP2350_60QFN,61
A1,GND,U7,RP2350_60QFN,61
A1,GND,R15,470,2
A1,GND,X1,SiT2001B,1
A1,GND,SW9,SW_Push,2
A1,GND,SW9,SW_Push,2
A1,GND,C25,1u,2
A1,GND,R12,470,2
A1,GND,C42,100n,2
A1,GND,J1,Conn_02x05_Row_Letter_First,3
A1,GND,J1,Conn_02x05_Row_Letter_First,4
A2,A2,,,
A3,A3,J1,Conn_02x05_Row_Letter_First,11
A4,A4,J1,Conn_02x05_Row_Letter_First,12
A5,A5,SW1,SW_Push,2
A5,A5,SW1,SW_Push,2
A5,A5,R1,10k,2
A6,A6,SW7,SW_Push,2
A6,A6,SW7,SW_Push,2
A6,A6,R13,10k,2
A7,clk,X1,SiT2001B,5
A8,A8,J1,Conn_02x05_Row_Letter_First,9
A9,A9,J1,Conn_02x05_Row_Letter_First,7
A10,A10,J1,Conn_02x05_Row_Letter_First,5
A11,A11,J2,Conn_02x05_Row_Letter_First,11
A12,A12,J2,Conn_02x05_Row_Letter_First,9
A13,A13,J2,Conn_02x05_Row_Letter_First,7
A14,A14,J2,Conn_02x05_Row_Letter_First,5
A15,A15,U7,RP2350_60QFN,12
A16,GND,C6,100n,2
A16,GND,C9,100n,2
A16,GND,SW5,SW_Push,1
A16,GND,SW5,SW_Push,1
A16,GND,SW1,SW_Push,1
A16,GND,SW1,SW_Push,1
A16,GND,SW7,SW_Push,1
A16,GND,SW7,SW_Push,1
A16,GND,C10,100n,2
A16,GND,C7,100n,2
A16,GND,SW4,SW_Push,1
A16,GND,SW4,SW_Push,1
A16,GND,SW6,SW_Push,1
A16,GND,SW6,SW_Push,1
A16,GND,SW3,SW_Push,1
A16,GND,SW3,SW_Push,1
A16,GND,C15,100n,2
A16,GND,SW2,SW_Push,1
A16,GND,SW2,SW_Push,1
A16,GND,C39,100n,2
A16,GND,C27,4.7u,2
A16,GND,BZ1,Buzzer,2
A16,GND,J3,Conn_02x05_Row_Letter_First,3
A16,GND,J3,Conn_02x05_Row_Letter_First,4
A16,GND,C24,4u7,2
A16,GND,R7,470,2
A16,GND,C22,4u7,2
A16,GND,R23,10k,2
A16,GND,J5,USB_C_Receptacle_USB2.0,A1
A16,GND,J5,USB_C_Receptacle_USB2.0,A12
A16,GND,J5,USB_C_Receptacle_USB2.0,B1
A16,GND,J5,USB_C_Receptacle_USB2.0,B12
A16,GND,J5,USB_C_Receptacle_USB2.0,S1
A16,GND,J5,USB_C_Receptacle_USB2.0,S1
A16,GND,J5,USB_C_Receptacle_USB2.0,S1
A16,GND,J5,USB_C_Receptacle_USB2.0,S1
A16,GND,R4,470,2
A16,GND,U5,BQ24075,4
A16,GND,U5,BQ24075,5
A16,GND,U5,BQ24075,8
A16,GND,U5,BQ24075,15
A16,GND,U5,BQ24075,17
A16,GND,R2,470,2
A16,GND,J2,Conn_02x05_Row_Letter_First,3
A16,GND,J2,Conn_02x05_Row_Letter_First,4
A16,GND,C31,22pF,1
A16,GND,Y1,12Mhz,2
A16,GND,Y1,12Mhz,4
A16,GND,C28,4.7u,2
A16,GND,R34,1k,2
A16,GND,R39,10K,2
A16,GND,C8,10u,2
A16,GND,C32,100n,2
A16,GND,Q2,Q_NMOS_GSD,2
A16,GND,C21,1u,2
A16,GND,C36,100n,2
A16,GND,C19,4u7,2
A16,GND,U4,GC9A01_IPS_display,1
A16,GND,U4,GC9A01_IPS_display,5
A16,GND,U4,GC9A01_IPS_display,6
A16,GND,U4,GC9A01_IPS_display,12
A16,GND,C11,10u,2
A16,GND,U2,TLV73311PDBV,2
A16,GND,C1,4.7u,2
A16,GND,C43,100n,2
A16,GND,C40,4.7u,2
A16,GND,R38,10K,1
A16,GND,C37,100n,2
A16,GND,AA-1,TestPoint,1
A16,GND,R5,470,2
A16,GND,R24,47k,2
A16,GND,C18,100n,2
A16,GND,U9,W25Q128JVSIM,4
A16,GND,C12,1u,2
A16,GND,C29,4.7u,2
A16,GND,C17,1u,2
A16,GND,C3,4.7u,2
A16,GND,U1,APS6404L-3SQR-SN_C5333729,4
A16,GND,U3,TLV73325PDBV,2
A16,GND,R35,5k1,2
A16,GND,Q1,2N7002,2
A16,GND,R25,1k5,2
A16,GND,C16,10u,2
A16,GND,R26,2k2,2
A16,GND,U10,AMS1117-3.3,1
A16,GND,R43,10K,2
A16,GND,C23,1u,2
A16,GND,J4,JST PH S2B,2
A16,GND,R11,470,2
A16,GND,C35,100n,2
A16,GND,C5,100n,2
A16,GND,C20,4u7,2
A16,GND,U6,W25Q128JVS,4
A16,GND,C44,100n,2
A16,GND,R14,470,2
A16,GND,C13,1u,2
A16,GND,C38,100n,2
A16,GND,C33,100n,2
A16,GND,C41,100n,2
A16,GND,C26,100n,2
A16,GND,C30,22pF,1
A16,GND,C34,100n,2
A16,GND,J6,Conn_02x05_Row_Letter_First,3
A16,GND,J6,Conn_02x05_Row_Letter_First,4
A16,GND,R36,5k1,2
A16,GND,U7,RP2350_60QFN,47
A16,GND,U7,RP2350_60QFN,61
A16,GND,U7,RP2350_60QFN,61
A16,GND,U7,RP2350_60QFN,61
A16,GND,U7,RP2350_60QFN,61
A16,GND,U7,RP2350_60QFN,61
A16,GND,U7,RP2350_60QFN,61
A16,GND,U7,RP2350_60QFN,61
A16,GND,U7,RP2350_60QFN,61
A16,GND,U7,RP2350_60QFN,61
A16,GND,U7,RP2350_60QFN,61
A16,GND,R15,470,2
A16,GND,X1,SiT2001B,1
A16,GND,SW9,SW_Push,2
A16,GND,SW9,SW_Push,2
A16,GND,C25,1u,2
A16,GND,R12,470,2
A16,GND,C42,100n,2
A16,GND,J1,Conn_02x05_Row_Letter_First,3
A16,GND,J1,Conn_02x05_Row_Letter_First,4
B1,PMOD1+,J6,Conn_02x05_Row_Letter_First,10
B2,PMOD1-,J6,Conn_02x05_Row_Letter_First,12
B3,B3,,,
B4,B4,SW4,SW_Push,2
B4,B4,SW4,SW_Push,2
B4,B4,R8,10k,2
B5,B5,SW5,SW_Push,2
B5,B5,SW5,SW_Push,2
B5,B5,R9,10k,2
B6,B6,SW3,SW_Push,2
B6,B6,SW3,SW_Push,2
B6,B6,R6,10k,2
B7,clkc0_1,,,
B8,B8,J1,Conn_02x05_Row_Letter_First,10
B9,B9,J1,Conn_02x05_Row_Letter_First,8
B10,B10,J1,Conn_02x05_Row_Letter_First,6
B11,B11,J2,Conn_02x05_Row_Letter_First,12
B12,B12,J2,Conn_02x05_Row_Letter_First,10
B13,B13,J2,Conn_02x05_Row_Letter_First,8
B14,B14,J2,Conn_02x05_Row_Letter_First,6
B15,B15,U7,RP2350_60QFN,13
B16,B16,U7,RP2350_60QFN,14
C1,PMOD2+,J6,Conn_02x05_Row_Letter_First,6
C2,PMOD2-,J6,Conn_02x05_Row_Letter_First,8
C3,C3,D1,LED,2
C4,C4,D5,LED,2
C5,C5,D2,LED,2
C6,C6,D6,LED,2
C7,clkt0_1,,,
C8,CLKT1_0,,,
C9,GR_PCLK_1_1,,,
C10,C10,,,
C11,C11,,,
C12,C12,SW6,SW_Push,2
C12,C12,SW6,SW_Push,2
C12,C12,R10,10k,2
C12,C12,U7,RP2350_60QFN,3
C13,C13,U4,GC9A01_IPS_display,10
C13,C13,U7,RP2350_60QFN,5
C14,C14,U4,GC9A01_IPS_display,9
C14,C14,U7,RP2350_60QFN,4
C15,C15,U7,RP2350_60QFN,15
C16,C16,U7,RP2350_60QFN,16
D1,D1,J6,Conn_02x05_Row_Letter_First,11
D2,GND,C6,100n,2
D2,GND,C9,100n,2
D2,GND,SW5,SW_Push,1
D2,GND,SW5,SW_Push,1
D2,GND,SW1,SW_Push,1
D2,GND,SW1,SW_Push,1
D2,GND,SW7,SW_Push,1
D2,GND,SW7,SW_Push,1
D2,GND,C10,100n,2
D2,GND,C7,100n,2
D2,GND,SW4,SW_Push,1
D2,GND,SW4,SW_Push,1
D2,GND,SW6,SW_Push,1
D2,GND,SW6,SW_Push,1
D2,GND,SW3,SW_Push,1
D2,GND,SW3,SW_Push,1
D2,GND,C15,100n,2
D2,GND,SW2,SW_Push,1
D2,GND,SW2,SW_Push,1
D2,GND,C39,100n,2
D2,GND,C27,4.7u,2
D2,GND,BZ1,Buzzer,2
D2,GND,J3,Conn_02x05_Row_Letter_First,3
D2,GND,J3,Conn_02x05_Row_Letter_First,4
D2,GND,C24,4u7,2
D2,GND,R7,470,2
D2,GND,C22,4u7,2
D2,GND,R23,10k,2
D2,GND,J5,USB_C_Receptacle_USB2.0,A1
D2,GND,J5,USB_C_Receptacle_USB2.0,A12
D2,GND,J5,USB_C_Receptacle_USB2.0,B1
D2,GND,J5,USB_C_Receptacle_USB2.0,B12
D2,GND,J5,USB_C_Receptacle_USB2.0,S1
D2,GND,J5,USB_C_Receptacle_USB2.0,S1
D2,GND,J5,USB_C_Receptacle_USB2.0,S1
D2,GND,J5,USB_C_Receptacle_USB2.0,S1
D2,GND,R4,470,2
D2,GND,U5,BQ24075,4
D2,GND,U5,BQ24075,5
D2,GND,U5,BQ24075,8
D2,GND,U5,BQ24075,15
D2,GND,U5,BQ24075,17
D2,GND,R2,470,2
D2,GND,J2,Conn_02x05_Row_Letter_First,3
D2,GND,J2,Conn_02x05_Row_Letter_First,4
D2,GND,C31,22pF,1
D2,GND,Y1,12Mhz,2
D2,GND,Y1,12Mhz,4
D2,GND,C28,4.7u,2
D2,GND,R34,1k,2
D2,GND,R39,10K,2
D2,GND,C8,10u,2
D2,GND,C32,100n,2
D2,GND,Q2,Q_NMOS_GSD,2
D2,GND,C21,1u,2
D2,GND,C36,100n,2
D2,GND,C19,4u7,2
D2,GND,U4,GC9A01_IPS_display,1
D2,GND,U4,GC9A01_IPS_display,5
D2,GND,U4,GC9A01_IPS_display,6
D2,GND,U4,GC9A01_IPS_display,12
D2,GND,C11,10u,2
D2,GND,U2,TLV73311PDBV,2
D2,GND,C1,4.7u,2
D2,GND,C43,100n,2
D2,GND,C40,4.7u,2
D2,GND,R38,10K,1
D2,GND,C37,100n,2
D2,GND,AA-1,TestPoint,1
D2,GND,R5,470,2
D2,GND,R24,47k,2
D2,GND,C18,100n,2
D2,GND,U9,W25Q128JVSIM,4
D2,GND,C12,1u,2
D2,GND,C29,4.7u,2
D2,GND,C17,1u,2
D2,GND,C3,4.7u,2
D2,GND,U1,APS6404L-3SQR-SN_C5333729,4
D2,GND,U3,TLV73325PDBV,2
D2,GND,R35,5k1,2
D2,GND,Q1,2N7002,2
D2,GND,R25,1k5,2
D2,GND,C16,10u,2
D2,GND,R26,2k2,2
D2,GND,U10,AMS1117-3.3,1
D2,GND,R43,10K,2
D2,GND,C23,1u,2
D2,GND,J4,JST PH S2B,2
D2,GND,R11,470,2
D2,GND,C35,100n,2
D2,GND,C5,100n,2
D2,GND,C20,4u7,2
D2,GND,U6,W25Q128JVS,4
D2,GND,C44,100n,2
D2,GND,R14,470,2
D2,GND,C13,1u,2
D2,GND,C38,100n,2
D2,GND,C33,100n,2
D2,GND,C41,100n,2
D2,GND,C26,100n,2
D2,GND,C30,22pF,1
D2,GND,C34,100n,2
D2,GND,J6,Conn_02x05_Row_Letter_First,3
D2,GND,J6,Conn_02x05_Row_Letter_First,4
D2,GND,R36,5k1,2
D2,GND,U7,RP2350_60QFN,47
D2,GND,U7,RP2350_60QFN,61
D2,GND,U7,RP2350_60QFN,61
D2,GND,U7,RP2350_60QFN,61
D2,GND,U7,RP2350_60QFN,61
D2,GND,U7,RP2350_60QFN,61
D2,GND,U7,RP2350_60QFN,61
D2,GND,U7,RP2350_60QFN,61
D2,GND,U7,RP2350_60QFN,61
D2,GND,U7,RP2350_60QFN,61
D2,GND,U7,RP2350_60QFN,61
D2,GND,R15,470,2
D2,GND,X1,SiT2001B,1
D2,GND,SW9,SW_Push,2
D2,GND,SW9,SW_Push,2
D2,GND,C25,1u,2
D2,GND,R12,470,2
D2,GND,C42,100n,2
D2,GND,J1,Conn_02x05_Row_Letter_First,3
D2,GND,J1,Conn_02x05_Row_Letter_First,4
D3,D3,D3,LED,2
D4,D4,D8,LED,2
D5,D5,D4,LED,2
D6,D6,D7,LED,2
D7,clk0_0,,,
D8,CLKC1_1,,,
D9,unconnected-(U8C-PT40A{slash}+-PadD9),,,
D10,unconnected-(U8C-PT47A{slash}+-PadD10),,,
D11,D11,,,
D12,D12,SW2,SW_Push,2
D12,D12,SW2,SW_Push,2
D12,D12,R3,10k,2
D12,D12,U7,RP2350_60QFN,10
D13,D13,U4,GC9A01_IPS_display,11
D13,D13,U7,RP2350_60QFN,9
D14,D14,U4,GC9A01_IPS_display,8
D14,D14,U7,RP2350_60QFN,8
D15,GND,C6,100n,2
D15,GND,C9,100n,2
D15,GND,SW5,SW_Push,1
D15,GND,SW5,SW_Push,1
D15,GND,SW1,SW_Push,1
D15,GND,SW1,SW_Push,1
D15,GND,SW7,SW_Push,1
D15,GND,SW7,SW_Push,1
D15,GND,C10,100n,2
D15,GND,C7,100n,2
D15,GND,SW4,SW_Push,1
D15,GND,SW4,SW_Push,1
D15,GND,SW6,SW_Push,1
D15,GND,SW6,SW_Push,1
D15,GND,SW3,SW_Push,1
D15,GND,SW3,SW_Push,1
D15,GND,C15,100n,2
D15,GND,SW2,SW_Push,1
D15,GND,SW2,SW_Push,1
D15,GND,C39,100n,2
D15,GND,C27,4.7u,2
D15,GND,BZ1,Buzzer,2
D15,GND,J3,Conn_02x05_Row_Letter_First,3
D15,GND,J3,Conn_02x05_Row_Letter_First,4
D15,GND,C24,4u7,2
D15,GND,R7,470,2
D15,GND,C22,4u7,2
D15,GND,R23,10k,2
D15,GND,J5,USB_C_Receptacle_USB2.0,A1
D15,GND,J5,USB_C_Receptacle_USB2.0,A12
D15,GND,J5,USB_C_Receptacle_USB2.0,B1
D15,GND,J5,USB_C_Receptacle_USB2.0,B12
D15,GND,J5,USB_C_Receptacle_USB2.0,S1
D15,GND,J5,USB_C_Receptacle_USB2.0,S1
D15,GND,J5,USB_C_Receptacle_USB2.0,S1
D15,GND,J5,USB_C_Receptacle_USB2.0,S1
D15,GND,R4,470,2
D15,GND,U5,BQ24075,4
D15,GND,U5,BQ24075,5
D15,GND,U5,BQ24075,8
D15,GND,U5,BQ24075,15
D15,GND,U5,BQ24075,17
D15,GND,R2,470,2
D15,GND,J2,Conn_02x05_Row_Letter_First,3
D15,GND,J2,Conn_02x05_Row_Letter_First,4
D15,GND,C31,22pF,1
D15,GND,Y1,12Mhz,2
D15,GND,Y1,12Mhz,4
D15,GND,C28,4.7u,2
D15,GND,R34,1k,2
D15,GND,R39,10K,2
D15,GND,C8,10u,2
D15,GND,C32,100n,2
D15,GND,Q2,Q_NMOS_GSD,2
D15,GND,C21,1u,2
D15,GND,C36,100n,2
D15,GND,C19,4u7,2
D15,GND,U4,GC9A01_IPS_display,1
D15,GND,U4,GC9A01_IPS_display,5
D15,GND,U4,GC9A01_IPS_display,6
D15,GND,U4,GC9A01_IPS_display,12
D15,GND,C11,10u,2
D15,GND,U2,TLV73311PDBV,2
D15,GND,C1,4.7u,2
D15,GND,C43,100n,2
D15,GND,C40,4.7u,2
D15,GND,R38,10K,1
D15,GND,C37,100n,2
D15,GND,AA-1,TestPoint,1
D15,GND,R5,470,2
D15,GND,R24,47k,2
D15,GND,C18,100n,2
D15,GND,U9,W25Q128JVSIM,4
D15,GND,C12,1u,2
D15,GND,C29,4.7u,2
D15,GND,C17,1u,2
D15,GND,C3,4.7u,2
D15,GND,U1,APS6404L-3SQR-SN_C5333729,4
D15,GND,U3,TLV73325PDBV,2
D15,GND,R35,5k1,2
D15,GND,Q1,2N7002,2
D15,GND,R25,1k5,2
D15,GND,C16,10u,2
D15,GND,R26,2k2,2
D15,GND,U10,AMS1117-3.3,1
D15,GND,R43,10K,2
D15,GND,C23,1u,2
D15,GND,J4,JST PH S2B,2
D15,GND,R11,470,2
D15,GND,C35,100n,2
D15,GND,C5,100n,2
D15,GND,C20,4u7,2
D15,GND,U6,W25Q128JVS,4
D15,GND,C44,100n,2
D15,GND,R14,470,2
D15,GND,C13,1u,2
D15,GND,C38,100n,2
D15,GND,C33,100n,2
D15,GND,C41,100n,2
D15,GND,C26,100n,2
D15,GND,C30,22pF,1
D15,GND,C34,100n,2
D15,GND,J6,Conn_02x05_Row_Letter_First,3
D15,GND,J6,Conn_02x05_Row_Letter_First,4
D15,GND,R36,5k1,2
D15,GND,U7,RP2350_60QFN,47
D15,GND,U7,RP2350_60QFN,61
D15,GND,U7,RP2350_60QFN,61
D15,GND,U7,RP2350_60QFN,61
D15,GND,U7,RP2350_60QFN,61
D15,GND,U7,RP2350_60QFN,61
D15,GND,U7,RP2350_60QFN,61
D15,GND,U7,RP2350_60QFN,61
D15,GND,U7,RP2350_60QFN,61
D15,GND,U7,RP2350_60QFN,61
D15,GND,U7,RP2350_60QFN,61
D15,GND,R15,470,2
D15,GND,X1,SiT2001B,1
D15,GND,SW9,SW_Push,2
D15,GND,SW9,SW_Push,2
D15,GND,C25,1u,2
D15,GND,R12,470,2
D15,GND,C42,100n,2
D15,GND,J1,Conn_02x05_Row_Letter_First,3
D15,GND,J1,Conn_02x05_Row_Letter_First,4
D16,D16,U7,RP2350_60QFN,17
E1,E1,J6,Conn_02x05_Row_Letter_First,7
E2,E2,J6,Conn_02x05_Row_Letter_First,9
E3,unconnected-(U8G-PL5C{slash}+{slash}LDQ8-PadE3),,,
E4,unconnected-(U8B-PT9A{slash}+-PadE4),,,
E5,unconnected-(U8B-PT13A{slash}+-PadE5),,,
E6,unconnected-(U8B-PT20A{slash}+-PadE6),,,
E7,clk0_1,,,
E8,CLKT1_1,,,
E9,unconnected-(U8C-PT40B{slash}--PadE9),,,
E10,unconnected-(U8C-PT47B{slash}--PadE10),,,
E11,unconnected-(U8C-PT51B{slash}--PadE11),,,
E12,unconnected-(U8C-PT58B{slash}--PadE12),,,
E13,E13,,,
E14,E14,U4,GC9A01_IPS_display,7
E14,E14,U7,RP2350_60QFN,7
E15,E15,U7,RP2350_60QFN,18
E16,E16,U7,RP2350_60QFN,19
F1,unconnected-(U8G-PL14A{slash}+{slash}HS{slash}LDQ20-PadF1),,,
F2,F2,J6,Conn_02x05_Row_Letter_First,5
F3,unconnected-(U8G-PL5D{slash}-{slash}LDQ8-PadF3),,,
F4,unconnected-(U8G-PL8C{slash}+{slash}LDQ8-PadF4),,,
F5,unconnected-(U8G-PL8D{slash}-{slash}LDQ8-PadF5),,,
F6,+3V3,C9,100n,1
F6,+3V3,C10,100n,1
F6,+3V3,R8,10k,1
F6,+3V3,R6,10k,1
F6,+3V3,R21,22,1
F6,+3V3,R45,10K,2
F6,+3V3,J3,Conn_02x05_Row_Letter_First,1
F6,+3V3,J3,Conn_02x05_Row_Letter_First,2
F6,+3V3,R42,10K,2
F6,+3V3,R44,10K,2
F6,+3V3,J2,Conn_02x05_Row_Letter_First,1
F6,+3V3,J2,Conn_02x05_Row_Letter_First,2
F6,+3V3,R16,10k,2
F6,+3V3,R46,10K,2
F6,+3V3,C28,4.7u,1
F6,+3V3,JP7,SolderJumper_2_Bridged,2
F6,+3V3,C32,100n,1
F6,+3V3,C36,100n,1
F6,+3V3,U4,GC9A01_IPS_display,4
F6,+3V3,C11,10u,1
F6,+3V3,R10,10k,1
F6,+3V3,D11,LED,2
F6,+3V3,C37,100n,1
F6,+3V3,C18,100n,1
F6,+3V3,R40,10K,2
F6,+3V3,U9,W25Q128JVSIM,8
F6,+3V3,U1,APS6404L-3SQR-SN_C5333729,8
F6,+3V3,C35,100n,1
F6,+3V3,R1,10k,1
F6,+3V3,U6,W25Q128JVS,8
F6,+3V3,C44,100n,1
F6,+3V3,R27,33,1
F6,+3V3,JP9,SolderJumper_3_Bridged12,3
F6,+3V3,R3,10k,1
F6,+3V3,C38,100n,1
F6,+3V3,C33,100n,1
F6,+3V3,R41,10K,2
F6,+3V3,R13,10k,1
F6,+3V3,C26,100n,1
F6,+3V3,C34,100n,1
F6,+3V3,J6,Conn_02x05_Row_Letter_First,1
F6,+3V3,J6,Conn_02x05_Row_Letter_First,2
F6,+3V3,U7,RP2350_60QFN,1
F6,+3V3,U7,RP2350_60QFN,11
F6,+3V3,U7,RP2350_60QFN,20
F6,+3V3,U7,RP2350_60QFN,30
F6,+3V3,U7,RP2350_60QFN,38
F6,+3V3,U7,RP2350_60QFN,44
F6,+3V3,U7,RP2350_60QFN,45
F6,+3V3,U7,RP2350_60QFN,49
F6,+3V3,U7,RP2350_60QFN,53
F6,+3V3,U7,RP2350_60QFN,54
F6,+3V3,R9,10k,1
F6,+3V3,R22,10k,2
F6,+3V3,C42,100n,1
F6,+3V3,J1,Conn_02x05_Row_Letter_First,1
F6,+3V3,J1,Conn_02x05_Row_Letter_First,2
F7,+3V3,C9,100n,1
F7,+3V3,C10,100n,1
F7,+3V3,R8,10k,1
F7,+3V3,R6,10k,1
F7,+3V3,R21,22,1
F7,+3V3,R45,10K,2
F7,+3V3,J3,Conn_02x05_Row_Letter_First,1
F7,+3V3,J3,Conn_02x05_Row_Letter_First,2
F7,+3V3,R42,10K,2
F7,+3V3,R44,10K,2
F7,+3V3,J2,Conn_02x05_Row_Letter_First,1
F7,+3V3,J2,Conn_02x05_Row_Letter_First,2
F7,+3V3,R16,10k,2
F7,+3V3,R46,10K,2
F7,+3V3,C28,4.7u,1
F7,+3V3,JP7,SolderJumper_2_Bridged,2
F7,+3V3,C32,100n,1
F7,+3V3,C36,100n,1
F7,+3V3,U4,GC9A01_IPS_display,4
F7,+3V3,C11,10u,1
F7,+3V3,R10,10k,1
F7,+3V3,D11,LED,2
F7,+3V3,C37,100n,1
F7,+3V3,C18,100n,1
F7,+3V3,R40,10K,2
F7,+3V3,U9,W25Q128JVSIM,8
F7,+3V3,U1,APS6404L-3SQR-SN_C5333729,8
F7,+3V3,C35,100n,1
F7,+3V3,R1,10k,1
F7,+3V3,U6,W25Q128JVS,8
F7,+3V3,C44,100n,1
F7,+3V3,R27,33,1
F7,+3V3,JP9,SolderJumper_3_Bridged12,3
F7,+3V3,R3,10k,1
F7,+3V3,C38,100n,1
F7,+3V3,C33,100n,1
F7,+3V3,R41,10K,2
F7,+3V3,R13,10k,1
F7,+3V3,C26,100n,1
F7,+3V3,C34,100n,1
F7,+3V3,J6,Conn_02x05_Row_Letter_First,1
F7,+3V3,J6,Conn_02x05_Row_Letter_First,2
F7,+3V3,U7,RP2350_60QFN,1
F7,+3V3,U7,RP2350_60QFN,11
F7,+3V3,U7,RP2350_60QFN,20
F7,+3V3,U7,RP2350_60QFN,30
F7,+3V3,U7,RP2350_60QFN,38
F7,+3V3,U7,RP2350_60QFN,44
F7,+3V3,U7,RP2350_60QFN,45
F7,+3V3,U7,RP2350_60QFN,49
F7,+3V3,U7,RP2350_60QFN,53
F7,+3V3,U7,RP2350_60QFN,54
F7,+3V3,R9,10k,1
F7,+3V3,R22,10k,2
F7,+3V3,C42,100n,1
F7,+3V3,J1,Conn_02x05_Row_Letter_First,1
F7,+3V3,J1,Conn_02x05_Row_Letter_First,2
F8,GND,C6,100n,2
F8,GND,C9,100n,2
F8,GND,SW5,SW_Push,1
F8,GND,SW5,SW_Push,1
F8,GND,SW1,SW_Push,1
F8,GND,SW1,SW_Push,1
F8,GND,SW7,SW_Push,1
F8,GND,SW7,SW_Push,1
F8,GND,C10,100n,2
F8,GND,C7,100n,2
F8,GND,SW4,SW_Push,1
F8,GND,SW4,SW_Push,1
F8,GND,SW6,SW_Push,1
F8,GND,SW6,SW_Push,1
F8,GND,SW3,SW_Push,1
F8,GND,SW3,SW_Push,1
F8,GND,C15,100n,2
F8,GND,SW2,SW_Push,1
F8,GND,SW2,SW_Push,1
F8,GND,C39,100n,2
F8,GND,C27,4.7u,2
F8,GND,BZ1,Buzzer,2
F8,GND,J3,Conn_02x05_Row_Letter_First,3
F8,GND,J3,Conn_02x05_Row_Letter_First,4
F8,GND,C24,4u7,2
F8,GND,R7,470,2
F8,GND,C22,4u7,2
F8,GND,R23,10k,2
F8,GND,J5,USB_C_Receptacle_USB2.0,A1
F8,GND,J5,USB_C_Receptacle_USB2.0,A12
F8,GND,J5,USB_C_Receptacle_USB2.0,B1
F8,GND,J5,USB_C_Receptacle_USB2.0,B12
F8,GND,J5,USB_C_Receptacle_USB2.0,S1
F8,GND,J5,USB_C_Receptacle_USB2.0,S1
F8,GND,J5,USB_C_Receptacle_USB2.0,S1
F8,GND,J5,USB_C_Receptacle_USB2.0,S1
F8,GND,R4,470,2
F8,GND,U5,BQ24075,4
F8,GND,U5,BQ24075,5
F8,GND,U5,BQ24075,8
F8,GND,U5,BQ24075,15
F8,GND,U5,BQ24075,17
F8,GND,R2,470,2
F8,GND,J2,Conn_02x05_Row_Letter_First,3
F8,GND,J2,Conn_02x05_Row_Letter_First,4
F8,GND,C31,22pF,1
F8,GND,Y1,12Mhz,2
F8,GND,Y1,12Mhz,4
F8,GND,C28,4.7u,2
F8,GND,R34,1k,2
F8,GND,R39,10K,2
F8,GND,C8,10u,2
F8,GND,C32,100n,2
F8,GND,Q2,Q_NMOS_GSD,2
F8,GND,C21,1u,2
F8,GND,C36,100n,2
F8,GND,C19,4u7,2
F8,GND,U4,GC9A01_IPS_display,1
F8,GND,U4,GC9A01_IPS_display,5
F8,GND,U4,GC9A01_IPS_display,6
F8,GND,U4,GC9A01_IPS_display,12
F8,GND,C11,10u,2
F8,GND,U2,TLV73311PDBV,2
F8,GND,C1,4.7u,2
F8,GND,C43,100n,2
F8,GND,C40,4.7u,2
F8,GND,R38,10K,1
F8,GND,C37,100n,2
F8,GND,AA-1,TestPoint,1
F8,GND,R5,470,2
F8,GND,R24,47k,2
F8,GND,C18,100n,2
F8,GND,U9,W25Q128JVSIM,4
F8,GND,C12,1u,2
F8,GND,C29,4.7u,2
F8,GND,C17,1u,2
F8,GND,C3,4.7u,2
F8,GND,U1,APS6404L-3SQR-SN_C5333729,4
F8,GND,U3,TLV73325PDBV,2
F8,GND,R35,5k1,2
F8,GND,Q1,2N7002,2
F8,GND,R25,1k5,2
F8,GND,C16,10u,2
F8,GND,R26,2k2,2
F8,GND,U10,AMS1117-3.3,1
F8,GND,R43,10K,2
F8,GND,C23,1u,2
F8,GND,J4,JST PH S2B,2
F8,GND,R11,470,2
F8,GND,C35,100n,2
F8,GND,C5,100n,2
F8,GND,C20,4u7,2
F8,GND,U6,W25Q128JVS,4
F8,GND,C44,100n,2
F8,GND,R14,470,2
F8,GND,C13,1u,2
F8,GND,C38,100n,2
F8,GND,C33,100n,2
F8,GND,C41,100n,2
F8,GND,C26,100n,2
F8,GND,C30,22pF,1
F8,GND,C34,100n,2
F8,GND,J6,Conn_02x05_Row_Letter_First,3
F8,GND,J6,Conn_02x05_Row_Letter_First,4
F8,GND,R36,5k1,2
F8,GND,U7,RP2350_60QFN,47
F8,GND,U7,RP2350_60QFN,61
F8,GND,U7,RP2350_60QFN,61
F8,GND,U7,RP2350_60QFN,61
F8,GND,U7,RP2350_60QFN,61
F8,GND,U7,RP2350_60QFN,61
F8,GND,U7,RP2350_60QFN,61
F8,GND,U7,RP2350_60QFN,61
F8,GND,U7,RP2350_60QFN,61
F8,GND,U7,RP2350_60QFN,61
F8,GND,U7,RP2350_60QFN,61
F8,GND,R15,470,2
F8,GND,X1,SiT2001B,1
F8,GND,SW9,SW_Push,2
F8,GND,SW9,SW_Push,2
F8,GND,C25,1u,2
F8,GND,R12,470,2
F8,GND,C42,100n,2
F8,GND,J1,Conn_02x05_Row_Letter_First,3
F8,GND,J1,Conn_02x05_Row_Letter_First,4
F9,GND,C6,100n,2
F9,GND,C9,100n,2
F9,GND,SW5,SW_Push,1
F9,GND,SW5,SW_Push,1
F9,GND,SW1,SW_Push,1
F9,GND,SW1,SW_Push,1
F9,GND,SW7,SW_Push,1
F9,GND,SW7,SW_Push,1
F9,GND,C10,100n,2
F9,GND,C7,100n,2
F9,GND,SW4,SW_Push,1
F9,GND,SW4,SW_Push,1
F9,GND,SW6,SW_Push,1
F9,GND,SW6,SW_Push,1
F9,GND,SW3,SW_Push,1
F9,GND,SW3,SW_Push,1
F9,GND,C15,100n,2
F9,GND,SW2,SW_Push,1
F9,GND,SW2,SW_Push,1
F9,GND,C39,100n,2
F9,GND,C27,4.7u,2
F9,GND,BZ1,Buzzer,2
F9,GND,J3,Conn_02x05_Row_Letter_First,3
F9,GND,J3,Conn_02x05_Row_Letter_First,4
F9,GND,C24,4u7,2
F9,GND,R7,470,2
F9,GND,C22,4u7,2
F9,GND,R23,10k,2
F9,GND,J5,USB_C_Receptacle_USB2.0,A1
F9,GND,J5,USB_C_Receptacle_USB2.0,A12
F9,GND,J5,USB_C_Receptacle_USB2.0,B1
F9,GND,J5,USB_C_Receptacle_USB2.0,B12
F9,GND,J5,USB_C_Receptacle_USB2.0,S1
F9,GND,J5,USB_C_Receptacle_USB2.0,S1
F9,GND,J5,USB_C_Receptacle_USB2.0,S1
F9,GND,J5,USB_C_Receptacle_USB2.0,S1
F9,GND,R4,470,2
F9,GND,U5,BQ24075,4
F9,GND,U5,BQ24075,5
F9,GND,U5,BQ24075,8
F9,GND,U5,BQ24075,15
F9,GND,U5,BQ24075,17
F9,GND,R2,470,2
F9,GND,J2,Conn_02x05_Row_Letter_First,3
F9,GND,J2,Conn_02x05_Row_Letter_First,4
F9,GND,C31,22pF,1
F9,GND,Y1,12Mhz,2
F9,GND,Y1,12Mhz,4
F9,GND,C28,4.7u,2
F9,GND,R34,1k,2
F9,GND,R39,10K,2
F9,GND,C8,10u,2
F9,GND,C32,100n,2
F9,GND,Q2,Q_NMOS_GSD,2
F9,GND,C21,1u,2
F9,GND,C36,100n,2
F9,GND,C19,4u7,2
F9,GND,U4,GC9A01_IPS_display,1
F9,GND,U4,GC9A01_IPS_display,5
F9,GND,U4,GC9A01_IPS_display,6
F9,GND,U4,GC9A01_IPS_display,12
F9,GND,C11,10u,2
F9,GND,U2,TLV73311PDBV,2
F9,GND,C1,4.7u,2
F9,GND,C43,100n,2
F9,GND,C40,4.7u,2
F9,GND,R38,10K,1
F9,GND,C37,100n,2
F9,GND,AA-1,TestPoint,1
F9,GND,R5,470,2
F9,GND,R24,47k,2
F9,GND,C18,100n,2
F9,GND,U9,W25Q128JVSIM,4
F9,GND,C12,1u,2
F9,GND,C29,4.7u,2
F9,GND,C17,1u,2
F9,GND,C3,4.7u,2
F9,GND,U1,APS6404L-3SQR-SN_C5333729,4
F9,GND,U3,TLV73325PDBV,2
F9,GND,R35,5k1,2
F9,GND,Q1,2N7002,2
F9,GND,R25,1k5,2
F9,GND,C16,10u,2
F9,GND,R26,2k2,2
F9,GND,U10,AMS1117-3.3,1
F9,GND,R43,10K,2
F9,GND,C23,1u,2
F9,GND,J4,JST PH S2B,2
F9,GND,R11,470,2
F9,GND,C35,100n,2
F9,GND,C5,100n,2
F9,GND,C20,4u7,2
F9,GND,U6,W25Q128JVS,4
F9,GND,C44,100n,2
F9,GND,R14,470,2
F9,GND,C13,1u,2
F9,GND,C38,100n,2
F9,GND,C33,100n,2
F9,GND,C41,100n,2
F9,GND,C26,100n,2
F9,GND,C30,22pF,1
F9,GND,C34,100n,2
F9,GND,J6,Conn_02x05_Row_Letter_First,3
F9,GND,J6,Conn_02x05_Row_Letter_First,4
F9,GND,R36,5k1,2
F9,GND,U7,RP2350_60QFN,47
F9,GND,U7,RP2350_60QFN,61
F9,GND,U7,RP2350_60QFN,61
F9,GND,U7,RP2350_60QFN,61
F9,GND,U7,RP2350_60QFN,61
F9,GND,U7,RP2350_60QFN,61
F9,GND,U7,RP2350_60QFN,61
F9,GND,U7,RP2350_60QFN,61
F9,GND,U7,RP2350_60QFN,61
F9,GND,U7,RP2350_60QFN,61
F9,GND,U7,RP2350_60QFN,61
F9,GND,R15,470,2
F9,GND,X1,SiT2001B,1
F9,GND,SW9,SW_Push,2
F9,GND,SW9,SW_Push,2
F9,GND,C25,1u,2
F9,GND,R12,470,2
F9,GND,C42,100n,2
F9,GND,J1,Conn_02x05_Row_Letter_First,3
F9,GND,J1,Conn_02x05_Row_Letter_First,4
F10,+3V3,C9,100n,1
F10,+3V3,C10,100n,1
F10,+3V3,R8,10k,1
F10,+3V3,R6,10k,1
F10,+3V3,R21,22,1
F10,+3V3,R45,10K,2
F10,+3V3,J3,Conn_02x05_Row_Letter_First,1
F10,+3V3,J3,Conn_02x05_Row_Letter_First,2
F10,+3V3,R42,10K,2
F10,+3V3,R44,10K,2
F10,+3V3,J2,Conn_02x05_Row_Letter_First,1
F10,+3V3,J2,Conn_02x05_Row_Letter_First,2
F10,+3V3,R16,10k,2
F10,+3V3,R46,10K,2
F10,+3V3,C28,4.7u,1
F10,+3V3,JP7,SolderJumper_2_Bridged,2
F10,+3V3,C32,100n,1
F10,+3V3,C36,100n,1
F10,+3V3,U4,GC9A01_IPS_display,4
F10,+3V3,C11,10u,1
F10,+3V3,R10,10k,1
F10,+3V3,D11,LED,2
F10,+3V3,C37,100n,1
F10,+3V3,C18,100n,1
F10,+3V3,R40,10K,2
F10,+3V3,U9,W25Q128JVSIM,8
F10,+3V3,U1,APS6404L-3SQR-SN_C5333729,8
F10,+3V3,C35,100n,1
F10,+3V3,R1,10k,1
F10,+3V3,U6,W25Q128JVS,8
F10,+3V3,C44,100n,1
F10,+3V3,R27,33,1
F10,+3V3,JP9,SolderJumper_3_Bridged12,3
F10,+3V3,R3,10k,1
F10,+3V3,C38,100n,1
F10,+3V3,C33,100n,1
F10,+3V3,R41,10K,2
F10,+3V3,R13,10k,1
F10,+3V3,C26,100n,1
F10,+3V3,C34,100n,1
F10,+3V3,J6,Conn_02x05_Row_Letter_First,1
F10,+3V3,J6,Conn_02x05_Row_Letter_First,2
F10,+3V3,U7,RP2350_60QFN,1
F10,+3V3,U7,RP2350_60QFN,11
F10,+3V3,U7,RP2350_60QFN,20
F10,+3V3,U7,RP2350_60QFN,30
F10,+3V3,U7,RP2350_60QFN,38
F10,+3V3,U7,RP2350_60QFN,44
F10,+3V3,U7,RP2350_60QFN,45
F10,+3V3,U7,RP2350_60QFN,49
F10,+3V3,U7,RP2350_60QFN,53
F10,+3V3,U7,RP2350_60QFN,54
F10,+3V3,R9,10k,1
F10,+3V3,R22,10k,2
F10,+3V3,C42,100n,1
F10,+3V3,J1,Conn_02x05_Row_Letter_First,1
F10,+3V3,J1,Conn_02x05_Row_Letter_First,2
F11,+3V3,C9,100n,1
F11,+3V3,C10,100n,1
F11,+3V3,R8,10k,1
F11,+3V3,R6,10k,1
F11,+3V3,R21,22,1
F11,+3V3,R45,10K,2
F11,+3V3,J3,Conn_02x05_Row_Letter_First,1
F11,+3V3,J3,Conn_02x05_Row_Letter_First,2
F11,+3V3,R42,10K,2
F11,+3V3,R44,10K,2
F11,+3V3,J2,Conn_02x05_Row_Letter_First,1
F11,+3V3,J2,Conn_02x05_Row_Letter_First,2
F11,+3V3,R16,10k,2
F11,+3V3,R46,10K,2
F11,+3V3,C28,4.7u,1
F11,+3V3,JP7,SolderJumper_2_Bridged,2
F11,+3V3,C32,100n,1
F11,+3V3,C36,100n,1
F11,+3V3,U4,GC9A01_IPS_display,4
F11,+3V3,C11,10u,1
F11,+3V3,R10,10k,1
F11,+3V3,D11,LED,2
F11,+3V3,C37,100n,1
F11,+3V3,C18,100n,1
F11,+3V3,R40,10K,2
F11,+3V3,U9,W25Q128JVSIM,8
F11,+3V3,U1,APS6404L-3SQR-SN_C5333729,8
F11,+3V3,C35,100n,1
F11,+3V3,R1,10k,1
F11,+3V3,U6,W25Q128JVS,8
F11,+3V3,C44,100n,1
F11,+3V3,R27,33,1
F11,+3V3,JP9,SolderJumper_3_Bridged12,3
F11,+3V3,R3,10k,1
F11,+3V3,C38,100n,1
F11,+3V3,C33,100n,1
F11,+3V3,R41,10K,2
F11,+3V3,R13,10k,1
F11,+3V3,C26,100n,1
F11,+3V3,C34,100n,1
F11,+3V3,J6,Conn_02x05_Row_Letter_First,1
F11,+3V3,J6,Conn_02x05_Row_Letter_First,2
F11,+3V3,U7,RP2350_60QFN,1
F11,+3V3,U7,RP2350_60QFN,11
F11,+3V3,U7,RP2350_60QFN,20
F11,+3V3,U7,RP2350_60QFN,30
F11,+3V3,U7,RP2350_60QFN,38
F11,+3V3,U7,RP2350_60QFN,44
F11,+3V3,U7,RP2350_60QFN,45
F11,+3V3,U7,RP2350_60QFN,49
F11,+3V3,U7,RP2350_60QFN,53
F11,+3V3,U7,RP2350_60QFN,54
F11,+3V3,R9,10k,1
F11,+3V3,R22,10k,2
F11,+3V3,C42,100n,1
F11,+3V3,J1,Conn_02x05_Row_Letter_First,1
F11,+3V3,J1,Conn_02x05_Row_Letter_First,2
F12,unconnected-(U8D-PR8D{slash}-{slash}RDQ8-PadF12),,,
F13,unconnected-(U8D-PR8C{slash}+{slash}RDQ8-PadF13),,,
F14,unconnected-(U8D-PR5D{slash}-{slash}RDQ8-PadF14),,,
F15,unconnected-(U8D-PR11C{slash}+{slash}RDQ8-PadF15),,,
F16,F16,BZ1,Buzzer,1
F16,F16,U7,RP2350_60QFN,33
G1,unconnected-(U8G-PL20A{slash}+{slash}GR_PCLK7_1{slash}HS{slash}LDQS20-PadG1),,,
G2,unconnected-(U8G-PL14B{slash}-{slash}HS{slash}LDQ20-PadG2),,,
G3,unconnected-(U8G-PL14C{slash}+{slash}VREF1_7{slash}LDQ20-PadG3),,,
G4,unconnected-(U8G-PL11B{slash}-{slash}HS{slash}LDQ8-PadG4),,,
G5,unconnected-(U8G-PL11A{slash}+{slash}HS{slash}LDQ8-PadG5),,,
G6,+F1V1,C6,100n,1
G6,+F1V1,C7,100n,1
G6,+F1V1,JP6,SolderJumper_2_Bridged,2
G6,+F1V1,C8,10u,1
G6,+F1V1,C5,100n,1
G7,+F1V1,C6,100n,1
G7,+F1V1,C7,100n,1
G7,+F1V1,JP6,SolderJumper_2_Bridged,2
G7,+F1V1,C8,10u,1
G7,+F1V1,C5,100n,1
G8,GND,C6,100n,2
G8,GND,C9,100n,2
G8,GND,SW5,SW_Push,1
G8,GND,SW5,SW_Push,1
G8,GND,SW1,SW_Push,1
G8,GND,SW1,SW_Push,1
G8,GND,SW7,SW_Push,1
G8,GND,SW7,SW_Push,1
G8,GND,C10,100n,2
G8,GND,C7,100n,2
G8,GND,SW4,SW_Push,1
G8,GND,SW4,SW_Push,1
G8,GND,SW6,SW_Push,1
G8,GND,SW6,SW_Push,1
G8,GND,SW3,SW_Push,1
G8,GND,SW3,SW_Push,1
G8,GND,C15,100n,2
G8,GND,SW2,SW_Push,1
G8,GND,SW2,SW_Push,1
G8,GND,C39,100n,2
G8,GND,C27,4.7u,2
G8,GND,BZ1,Buzzer,2
G8,GND,J3,Conn_02x05_Row_Letter_First,3
G8,GND,J3,Conn_02x05_Row_Letter_First,4
G8,GND,C24,4u7,2
G8,GND,R7,470,2
G8,GND,C22,4u7,2
G8,GND,R23,10k,2
G8,GND,J5,USB_C_Receptacle_USB2.0,A1
G8,GND,J5,USB_C_Receptacle_USB2.0,A12
G8,GND,J5,USB_C_Receptacle_USB2.0,B1
G8,GND,J5,USB_C_Receptacle_USB2.0,B12
G8,GND,J5,USB_C_Receptacle_USB2.0,S1
G8,GND,J5,USB_C_Receptacle_USB2.0,S1
G8,GND,J5,USB_C_Receptacle_USB2.0,S1
G8,GND,J5,USB_C_Receptacle_USB2.0,S1
G8,GND,R4,470,2
G8,GND,U5,BQ24075,4
G8,GND,U5,BQ24075,5
G8,GND,U5,BQ24075,8
G8,GND,U5,BQ24075,15
G8,GND,U5,BQ24075,17
G8,GND,R2,470,2
G8,GND,J2,Conn_02x05_Row_Letter_First,3
G8,GND,J2,Conn_02x05_Row_Letter_First,4
G8,GND,C31,22pF,1
G8,GND,Y1,12Mhz,2
G8,GND,Y1,12Mhz,4
G8,GND,C28,4.7u,2
G8,GND,R34,1k,2
G8,GND,R39,10K,2
G8,GND,C8,10u,2
G8,GND,C32,100n,2
G8,GND,Q2,Q_NMOS_GSD,2
G8,GND,C21,1u,2
G8,GND,C36,100n,2
G8,GND,C19,4u7,2
G8,GND,U4,GC9A01_IPS_display,1
G8,GND,U4,GC9A01_IPS_display,5
G8,GND,U4,GC9A01_IPS_display,6
G8,GND,U4,GC9A01_IPS_display,12
G8,GND,C11,10u,2
G8,GND,U2,TLV73311PDBV,2
G8,GND,C1,4.7u,2
G8,GND,C43,100n,2
G8,GND,C40,4.7u,2
G8,GND,R38,10K,1
G8,GND,C37,100n,2
G8,GND,AA-1,TestPoint,1
G8,GND,R5,470,2
G8,GND,R24,47k,2
G8,GND,C18,100n,2
G8,GND,U9,W25Q128JVSIM,4
G8,GND,C12,1u,2
G8,GND,C29,4.7u,2
G8,GND,C17,1u,2
G8,GND,C3,4.7u,2
G8,GND,U1,APS6404L-3SQR-SN_C5333729,4
G8,GND,U3,TLV73325PDBV,2
G8,GND,R35,5k1,2
G8,GND,Q1,2N7002,2
G8,GND,R25,1k5,2
G8,GND,C16,10u,2
G8,GND,R26,2k2,2
G8,GND,U10,AMS1117-3.3,1
G8,GND,R43,10K,2
G8,GND,C23,1u,2
G8,GND,J4,JST PH S2B,2
G8,GND,R11,470,2
G8,GND,C35,100n,2
G8,GND,C5,100n,2
G8,GND,C20,4u7,2
G8,GND,U6,W25Q128JVS,4
G8,GND,C44,100n,2
G8,GND,R14,470,2
G8,GND,C13,1u,2
G8,GND,C38,100n,2
G8,GND,C33,100n,2
G8,GND,C41,100n,2
G8,GND,C26,100n,2
G8,GND,C30,22pF,1
G8,GND,C34,100n,2
G8,GND,J6,Conn_02x05_Row_Letter_First,3
G8,GND,J6,Conn_02x05_Row_Letter_First,4
G8,GND,R36,5k1,2
G8,GND,U7,RP2350_60QFN,47
G8,GND,U7,RP2350_60QFN,61
G8,GND,U7,RP2350_60QFN,61
G8,GND,U7,RP2350_60QFN,61
G8,GND,U7,RP2350_60QFN,61
G8,GND,U7,RP2350_60QFN,61
G8,GND,U7,RP2350_60QFN,61
G8,GND,U7,RP2350_60QFN,61
G8,GND,U7,RP2350_60QFN,61
G8,GND,U7,RP2350_60QFN,61
G8,GND,U7,RP2350_60QFN,61
G8,GND,R15,470,2
G8,GND,X1,SiT2001B,1
G8,GND,SW9,SW_Push,2
G8,GND,SW9,SW_Push,2
G8,GND,C25,1u,2
G8,GND,R12,470,2
G8,GND,C42,100n,2
G8,GND,J1,Conn_02x05_Row_Letter_First,3
G8,GND,J1,Conn_02x05_Row_Letter_First,4
G9,+F1V1,C6,100n,1
G9,+F1V1,C7,100n,1
G9,+F1V1,JP6,SolderJumper_2_Bridged,2
G9,+F1V1,C8,10u,1
G9,+F1V1,C5,100n,1
G10,GND,C6,100n,2
G10,GND,C9,100n,2
G10,GND,SW5,SW_Push,1
G10,GND,SW5,SW_Push,1
G10,GND,SW1,SW_Push,1
G10,GND,SW1,SW_Push,1
G10,GND,SW7,SW_Push,1
G10,GND,SW7,SW_Push,1
G10,GND,C10,100n,2
G10,GND,C7,100n,2
G10,GND,SW4,SW_Push,1
G10,GND,SW4,SW_Push,1
G10,GND,SW6,SW_Push,1
G10,GND,SW6,SW_Push,1
G10,GND,SW3,SW_Push,1
G10,GND,SW3,SW_Push,1
G10,GND,C15,100n,2
G10,GND,SW2,SW_Push,1
G10,GND,SW2,SW_Push,1
G10,GND,C39,100n,2
G10,GND,C27,4.7u,2
G10,GND,BZ1,Buzzer,2
G10,GND,J3,Conn_02x05_Row_Letter_First,3
G10,GND,J3,Conn_02x05_Row_Letter_First,4
G10,GND,C24,4u7,2
G10,GND,R7,470,2
G10,GND,C22,4u7,2
G10,GND,R23,10k,2
G10,GND,J5,USB_C_Receptacle_USB2.0,A1
G10,GND,J5,USB_C_Receptacle_USB2.0,A12
G10,GND,J5,USB_C_Receptacle_USB2.0,B1
G10,GND,J5,USB_C_Receptacle_USB2.0,B12
G10,GND,J5,USB_C_Receptacle_USB2.0,S1
G10,GND,J5,USB_C_Receptacle_USB2.0,S1
G10,GND,J5,USB_C_Receptacle_USB2.0,S1
G10,GND,J5,USB_C_Receptacle_USB2.0,S1
G10,GND,R4,470,2
G10,GND,U5,BQ24075,4
G10,GND,U5,BQ24075,5
G10,GND,U5,BQ24075,8
G10,GND,U5,BQ24075,15
G10,GND,U5,BQ24075,17
G10,GND,R2,470,2
G10,GND,J2,Conn_02x05_Row_Letter_First,3
G10,GND,J2,Conn_02x05_Row_Letter_First,4
G10,GND,C31,22pF,1
G10,GND,Y1,12Mhz,2
G10,GND,Y1,12Mhz,4
G10,GND,C28,4.7u,2
G10,GND,R34,1k,2
G10,GND,R39,10K,2
G10,GND,C8,10u,2
G10,GND,C32,100n,2
G10,GND,Q2,Q_NMOS_GSD,2
G10,GND,C21,1u,2
G10,GND,C36,100n,2
G10,GND,C19,4u7,2
G10,GND,U4,GC9A01_IPS_display,1
G10,GND,U4,GC9A01_IPS_display,5
G10,GND,U4,GC9A01_IPS_display,6
G10,GND,U4,GC9A01_IPS_display,12
G10,GND,C11,10u,2
G10,GND,U2,TLV73311PDBV,2
G10,GND,C1,4.7u,2
G10,GND,C43,100n,2
G10,GND,C40,4.7u,2
G10,GND,R38,10K,1
G10,GND,C37,100n,2
G10,GND,AA-1,TestPoint,1
G10,GND,R5,470,2
G10,GND,R24,47k,2
G10,GND,C18,100n,2
G10,GND,U9,W25Q128JVSIM,4
G10,GND,C12,1u,2
G10,GND,C29,4.7u,2
G10,GND,C17,1u,2
G10,GND,C3,4.7u,2
G10,GND,U1,APS6404L-3SQR-SN_C5333729,4
G10,GND,U3,TLV73325PDBV,2
G10,GND,R35,5k1,2
G10,GND,Q1,2N7002,2
G10,GND,R25,1k5,2
G10,GND,C16,10u,2
G10,GND,R26,2k2,2
G10,GND,U10,AMS1117-3.3,1
G10,GND,R43,10K,2
G10,GND,C23,1u,2
G10,GND,J4,JST PH S2B,2
G10,GND,R11,470,2
G10,GND,C35,100n,2
G10,GND,C5,100n,2
G10,GND,C20,4u7,2
G10,GND,U6,W25Q128JVS,4
G10,GND,C44,100n,2
G10,GND,R14,470,2
G10,GND,C13,1u,2
G10,GND,C38,100n,2
G10,GND,C33,100n,2
G10,GND,C41,100n,2
G10,GND,C26,100n,2
G10,GND,C30,22pF,1
G10,GND,C34,100n,2
G10,GND,J6,Conn_02x05_Row_Letter_First,3
G10,GND,J6,Conn_02x05_Row_Letter_First,4
G10,GND,R36,5k1,2
G10,GND,U7,RP2350_60QFN,47
G10,GND,U7,RP2350_60QFN,61
G10,GND,U7,RP2350_60QFN,61
G10,GND,U7,RP2350_60QFN,61
G10,GND,U7,RP2350_60QFN,61
G10,GND,U7,RP2350_60QFN,61
G10,GND,U7,RP2350_60QFN,61
G10,GND,U7,RP2350_60QFN,61
G10,GND,U7,RP2350_60QFN,61
G10,GND,U7,RP2350_60QFN,61
G10,GND,U7,RP2350_60QFN,61
G10,GND,R15,470,2
G10,GND,X1,SiT2001B,1
G10,GND,SW9,SW_Push,2
G10,GND,SW9,SW_Push,2
G10,GND,C25,1u,2
G10,GND,R12,470,2
G10,GND,C42,100n,2
G10,GND,J1,Conn_02x05_Row_Letter_First,3
G10,GND,J1,Conn_02x05_Row_Letter_First,4
G11,+F2V5,C15,100n,1
G11,+F2V5,JP8,SolderJumper_2_Bridged,1
G11,+F2V5,JP8,SolderJumper_2_Bridged,2
G11,+F2V5,U3,TLV73325PDBV,5
G11,+F2V5,C16,10u,1
G11,+F2V5,C13,1u,1
G11,+F2V5,JP9,SolderJumper_3_Bridged12,1
G12,unconnected-(U8D-PR11A{slash}+{slash}HS{slash}RDQ8-PadG12),,,
G13,unconnected-(U8D-PR11B{slash}-{slash}HS{slash}RDQ8-PadG13),,,
G14,unconnected-(U8D-PR14C{slash}+{slash}VREF1_2{slash}RDQ20-PadG14),,,
G15,unconnected-(U8D-PR14B{slash}-{slash}HS{slash}RDQ20-PadG15),,,
G16,unconnected-(U8D-PR20A{slash}+{slash}GR_PCLK2_1{slash}HS{slash}RDQS20-PadG16),,,
H1,GND,C6,100n,2
H1,GND,C9,100n,2
H1,GND,SW5,SW_Push,1
H1,GND,SW5,SW_Push,1
H1,GND,SW1,SW_Push,1
H1,GND,SW1,SW_Push,1
H1,GND,SW7,SW_Push,1
H1,GND,SW7,SW_Push,1
H1,GND,C10,100n,2
H1,GND,C7,100n,2
H1,GND,SW4,SW_Push,1
H1,GND,SW4,SW_Push,1
H1,GND,SW6,SW_Push,1
H1,GND,SW6,SW_Push,1
H1,GND,SW3,SW_Push,1
H1,GND,SW3,SW_Push,1
H1,GND,C15,100n,2
H1,GND,SW2,SW_Push,1
H1,GND,SW2,SW_Push,1
H1,GND,C39,100n,2
H1,GND,C27,4.7u,2
H1,GND,BZ1,Buzzer,2
H1,GND,J3,Conn_02x05_Row_Letter_First,3
H1,GND,J3,Conn_02x05_Row_Letter_First,4
H1,GND,C24,4u7,2
H1,GND,R7,470,2
H1,GND,C22,4u7,2
H1,GND,R23,10k,2
H1,GND,J5,USB_C_Receptacle_USB2.0,A1
H1,GND,J5,USB_C_Receptacle_USB2.0,A12
H1,GND,J5,USB_C_Receptacle_USB2.0,B1
H1,GND,J5,USB_C_Receptacle_USB2.0,B12
H1,GND,J5,USB_C_Receptacle_USB2.0,S1
H1,GND,J5,USB_C_Receptacle_USB2.0,S1
H1,GND,J5,USB_C_Receptacle_USB2.0,S1
H1,GND,J5,USB_C_Receptacle_USB2.0,S1
H1,GND,R4,470,2
H1,GND,U5,BQ24075,4
H1,GND,U5,BQ24075,5
H1,GND,U5,BQ24075,8
H1,GND,U5,BQ24075,15
H1,GND,U5,BQ24075,17
H1,GND,R2,470,2
H1,GND,J2,Conn_02x05_Row_Letter_First,3
H1,GND,J2,Conn_02x05_Row_Letter_First,4
H1,GND,C31,22pF,1
H1,GND,Y1,12Mhz,2
H1,GND,Y1,12Mhz,4
H1,GND,C28,4.7u,2
H1,GND,R34,1k,2
H1,GND,R39,10K,2
H1,GND,C8,10u,2
H1,GND,C32,100n,2
H1,GND,Q2,Q_NMOS_GSD,2
H1,GND,C21,1u,2
H1,GND,C36,100n,2
H1,GND,C19,4u7,2
H1,GND,U4,GC9A01_IPS_display,1
H1,GND,U4,GC9A01_IPS_display,5
H1,GND,U4,GC9A01_IPS_display,6
H1,GND,U4,GC9A01_IPS_display,12
H1,GND,C11,10u,2
H1,GND,U2,TLV73311PDBV,2
H1,GND,C1,4.7u,2
H1,GND,C43,100n,2
H1,GND,C40,4.7u,2
H1,GND,R38,10K,1
H1,GND,C37,100n,2
H1,GND,AA-1,TestPoint,1
H1,GND,R5,470,2
H1,GND,R24,47k,2
H1,GND,C18,100n,2
H1,GND,U9,W25Q128JVSIM,4
H1,GND,C12,1u,2
H1,GND,C29,4.7u,2
H1,GND,C17,1u,2
H1,GND,C3,4.7u,2
H1,GND,U1,APS6404L-3SQR-SN_C5333729,4
H1,GND,U3,TLV73325PDBV,2
H1,GND,R35,5k1,2
H1,GND,Q1,2N7002,2
H1,GND,R25,1k5,2
H1,GND,C16,10u,2
H1,GND,R26,2k2,2
H1,GND,U10,AMS1117-3.3,1
H1,GND,R43,10K,2
H1,GND,C23,1u,2
H1,GND,J4,JST PH S2B,2
H1,GND,R11,470,2
H1,GND,C35,100n,2
H1,GND,C5,100n,2
H1,GND,C20,4u7,2
H1,GND,U6,W25Q128JVS,4
H1,GND,C44,100n,2
H1,GND,R14,470,2
H1,GND,C13,1u,2
H1,GND,C38,100n,2
H1,GND,C33,100n,2
H1,GND,C41,100n,2
H1,GND,C26,100n,2
H1,GND,C30,22pF,1
H1,GND,C34,100n,2
H1,GND,J6,Conn_02x05_Row_Letter_First,3
H1,GND,J6,Conn_02x05_Row_Letter_First,4
H1,GND,R36,5k1,2
H1,GND,U7,RP2350_60QFN,47
H1,GND,U7,RP2350_60QFN,61
H1,GND,U7,RP2350_60QFN,61
H1,GND,U7,RP2350_60QFN,61
H1,GND,U7,RP2350_60QFN,61
H1,GND,U7,RP2350_60QFN,61
H1,GND,U7,RP2350_60QFN,61
H1,GND,U7,RP2350_60QFN,61
H1,GND,U7,RP2350_60QFN,61
H1,GND,U7,RP2350_60QFN,61
H1,GND,U7,RP2350_60QFN,61
H1,GND,R15,470,2
H1,GND,X1,SiT2001B,1
H1,GND,SW9,SW_Push,2
H1,GND,SW9,SW_Push,2
H1,GND,C25,1u,2
H1,GND,R12,470,2
H1,GND,C42,100n,2
H1,GND,J1,Conn_02x05_Row_Letter_First,3
H1,GND,J1,Conn_02x05_Row_Letter_First,4
H2,unconnected-(U8G-PL20B{slash}-{slash}HS{slash}LDQSN20-PadH2),,,
H3,unconnected-(U8G-PL14D{slash}-{slash}LDQ20-PadH3),,,
H4,unconnected-(U8G-PL17B{slash}-{slash}HS{slash}LDQ20-PadH4),,,
H5,unconnected-(U8G-PL17A{slash}+{slash}HS{slash}LDQ20-PadH5),,,
H6,+3V3,C9,100n,1
H6,+3V3,C10,100n,1
H6,+3V3,R8,10k,1
H6,+3V3,R6,10k,1
H6,+3V3,R21,22,1
H6,+3V3,R45,10K,2
H6,+3V3,J3,Conn_02x05_Row_Letter_First,1
H6,+3V3,J3,Conn_02x05_Row_Letter_First,2
H6,+3V3,R42,10K,2
H6,+3V3,R44,10K,2
H6,+3V3,J2,Conn_02x05_Row_Letter_First,1
H6,+3V3,J2,Conn_02x05_Row_Letter_First,2
H6,+3V3,R16,10k,2
H6,+3V3,R46,10K,2
H6,+3V3,C28,4.7u,1
H6,+3V3,JP7,SolderJumper_2_Bridged,2
H6,+3V3,C32,100n,1
H6,+3V3,C36,100n,1
H6,+3V3,U4,GC9A01_IPS_display,4
H6,+3V3,C11,10u,1
H6,+3V3,R10,10k,1
H6,+3V3,D11,LED,2
H6,+3V3,C37,100n,1
H6,+3V3,C18,100n,1
H6,+3V3,R40,10K,2
H6,+3V3,U9,W25Q128JVSIM,8
H6,+3V3,U1,APS6404L-3SQR-SN_C5333729,8
H6,+3V3,C35,100n,1
H6,+3V3,R1,10k,1
H6,+3V3,U6,W25Q128JVS,8
H6,+3V3,C44,100n,1
H6,+3V3,R27,33,1
H6,+3V3,JP9,SolderJumper_3_Bridged12,3
H6,+3V3,R3,10k,1
H6,+3V3,C38,100n,1
H6,+3V3,C33,100n,1
H6,+3V3,R41,10K,2
H6,+3V3,R13,10k,1
H6,+3V3,C26,100n,1
H6,+3V3,C34,100n,1
H6,+3V3,J6,Conn_02x05_Row_Letter_First,1
H6,+3V3,J6,Conn_02x05_Row_Letter_First,2
H6,+3V3,U7,RP2350_60QFN,1
H6,+3V3,U7,RP2350_60QFN,11
H6,+3V3,U7,RP2350_60QFN,20
H6,+3V3,U7,RP2350_60QFN,30
H6,+3V3,U7,RP2350_60QFN,38
H6,+3V3,U7,RP2350_60QFN,44
H6,+3V3,U7,RP2350_60QFN,45
H6,+3V3,U7,RP2350_60QFN,49
H6,+3V3,U7,RP2350_60QFN,53
H6,+3V3,U7,RP2350_60QFN,54
H6,+3V3,R9,10k,1
H6,+3V3,R22,10k,2
H6,+3V3,C42,100n,1
H6,+3V3,J1,Conn_02x05_Row_Letter_First,1
H6,+3V3,J1,Conn_02x05_Row_Letter_First,2
H7,+3V3,C9,100n,1
H7,+3V3,C10,100n,1
H7,+3V3,R8,10k,1
H7,+3V3,R6,10k,1
H7,+3V3,R21,22,1
H7,+3V3,R45,10K,2
H7,+3V3,J3,Conn_02x05_Row_Letter_First,1
H7,+3V3,J3,Conn_02x05_Row_Letter_First,2
H7,+3V3,R42,10K,2
H7,+3V3,R44,10K,2
H7,+3V3,J2,Conn_02x05_Row_Letter_First,1
H7,+3V3,J2,Conn_02x05_Row_Letter_First,2
H7,+3V3,R16,10k,2
H7,+3V3,R46,10K,2
H7,+3V3,C28,4.7u,1
H7,+3V3,JP7,SolderJumper_2_Bridged,2
H7,+3V3,C32,100n,1
H7,+3V3,C36,100n,1
H7,+3V3,U4,GC9A01_IPS_display,4
H7,+3V3,C11,10u,1
H7,+3V3,R10,10k,1
H7,+3V3,D11,LED,2
H7,+3V3,C37,100n,1
H7,+3V3,C18,100n,1
H7,+3V3,R40,10K,2
H7,+3V3,U9,W25Q128JVSIM,8
H7,+3V3,U1,APS6404L-3SQR-SN_C5333729,8
H7,+3V3,C35,100n,1
H7,+3V3,R1,10k,1
H7,+3V3,U6,W25Q128JVS,8
H7,+3V3,C44,100n,1
H7,+3V3,R27,33,1
H7,+3V3,JP9,SolderJumper_3_Bridged12,3
H7,+3V3,R3,10k,1
H7,+3V3,C38,100n,1
H7,+3V3,C33,100n,1
H7,+3V3,R41,10K,2
H7,+3V3,R13,10k,1
H7,+3V3,C26,100n,1
H7,+3V3,C34,100n,1
H7,+3V3,J6,Conn_02x05_Row_Letter_First,1
H7,+3V3,J6,Conn_02x05_Row_Letter_First,2
H7,+3V3,U7,RP2350_60QFN,1
H7,+3V3,U7,RP2350_60QFN,11
H7,+3V3,U7,RP2350_60QFN,20
H7,+3V3,U7,RP2350_60QFN,30
H7,+3V3,U7,RP2350_60QFN,38
H7,+3V3,U7,RP2350_60QFN,44
H7,+3V3,U7,RP2350_60QFN,45
H7,+3V3,U7,RP2350_60QFN,49
H7,+3V3,U7,RP2350_60QFN,53
H7,+3V3,U7,RP2350_60QFN,54
H7,+3V3,R9,10k,1
H7,+3V3,R22,10k,2
H7,+3V3,C42,100n,1
H7,+3V3,J1,Conn_02x05_Row_Letter_First,1
H7,+3V3,J1,Conn_02x05_Row_Letter_First,2
H8,GND,C6,100n,2
H8,GND,C9,100n,2
H8,GND,SW5,SW_Push,1
H8,GND,SW5,SW_Push,1
H8,GND,SW1,SW_Push,1
H8,GND,SW1,SW_Push,1
H8,GND,SW7,SW_Push,1
H8,GND,SW7,SW_Push,1
H8,GND,C10,100n,2
H8,GND,C7,100n,2
H8,GND,SW4,SW_Push,1
H8,GND,SW4,SW_Push,1
H8,GND,SW6,SW_Push,1
H8,GND,SW6,SW_Push,1
H8,GND,SW3,SW_Push,1
H8,GND,SW3,SW_Push,1
H8,GND,C15,100n,2
H8,GND,SW2,SW_Push,1
H8,GND,SW2,SW_Push,1
H8,GND,C39,100n,2
H8,GND,C27,4.7u,2
H8,GND,BZ1,Buzzer,2
H8,GND,J3,Conn_02x05_Row_Letter_First,3
H8,GND,J3,Conn_02x05_Row_Letter_First,4
H8,GND,C24,4u7,2
H8,GND,R7,470,2
H8,GND,C22,4u7,2
H8,GND,R23,10k,2
H8,GND,J5,USB_C_Receptacle_USB2.0,A1
H8,GND,J5,USB_C_Receptacle_USB2.0,A12
H8,GND,J5,USB_C_Receptacle_USB2.0,B1
H8,GND,J5,USB_C_Receptacle_USB2.0,B12
H8,GND,J5,USB_C_Receptacle_USB2.0,S1
H8,GND,J5,USB_C_Receptacle_USB2.0,S1
H8,GND,J5,USB_C_Receptacle_USB2.0,S1
H8,GND,J5,USB_C_Receptacle_USB2.0,S1
H8,GND,R4,470,2
H8,GND,U5,BQ24075,4
H8,GND,U5,BQ24075,5
H8,GND,U5,BQ24075,8
H8,GND,U5,BQ24075,15
H8,GND,U5,BQ24075,17
H8,GND,R2,470,2
H8,GND,J2,Conn_02x05_Row_Letter_First,3
H8,GND,J2,Conn_02x05_Row_Letter_First,4
H8,GND,C31,22pF,1
H8,GND,Y1,12Mhz,2
H8,GND,Y1,12Mhz,4
H8,GND,C28,4.7u,2
H8,GND,R34,1k,2
H8,GND,R39,10K,2
H8,GND,C8,10u,2
H8,GND,C32,100n,2
H8,GND,Q2,Q_NMOS_GSD,2
H8,GND,C21,1u,2
H8,GND,C36,100n,2
H8,GND,C19,4u7,2
H8,GND,U4,GC9A01_IPS_display,1
H8,GND,U4,GC9A01_IPS_display,5
H8,GND,U4,GC9A01_IPS_display,6
H8,GND,U4,GC9A01_IPS_display,12
H8,GND,C11,10u,2
H8,GND,U2,TLV73311PDBV,2
H8,GND,C1,4.7u,2
H8,GND,C43,100n,2
H8,GND,C40,4.7u,2
H8,GND,R38,10K,1
H8,GND,C37,100n,2
H8,GND,AA-1,TestPoint,1
H8,GND,R5,470,2
H8,GND,R24,47k,2
H8,GND,C18,100n,2
H8,GND,U9,W25Q128JVSIM,4
H8,GND,C12,1u,2
H8,GND,C29,4.7u,2
H8,GND,C17,1u,2
H8,GND,C3,4.7u,2
H8,GND,U1,APS6404L-3SQR-SN_C5333729,4
H8,GND,U3,TLV73325PDBV,2
H8,GND,R35,5k1,2
H8,GND,Q1,2N7002,2
H8,GND,R25,1k5,2
H8,GND,C16,10u,2
H8,GND,R26,2k2,2
H8,GND,U10,AMS1117-3.3,1
H8,GND,R43,10K,2
H8,GND,C23,1u,2
H8,GND,J4,JST PH S2B,2
H8,GND,R11,470,2
H8,GND,C35,100n,2
H8,GND,C5,100n,2
H8,GND,C20,4u7,2
H8,GND,U6,W25Q128JVS,4
H8,GND,C44,100n,2
H8,GND,R14,470,2
H8,GND,C13,1u,2
H8,GND,C38,100n,2
H8,GND,C33,100n,2
H8,GND,C41,100n,2
H8,GND,C26,100n,2
H8,GND,C30,22pF,1
H8,GND,C34,100n,2
H8,GND,J6,Conn_02x05_Row_Letter_First,3
H8,GND,J6,Conn_02x05_Row_Letter_First,4
H8,GND,R36,5k1,2
H8,GND,U7,RP2350_60QFN,47
H8,GND,U7,RP2350_60QFN,61
H8,GND,U7,RP2350_60QFN,61
H8,GND,U7,RP2350_60QFN,61
H8,GND,U7,RP2350_60QFN,61
H8,GND,U7,RP2350_60QFN,61
H8,GND,U7,RP2350_60QFN,61
H8,GND,U7,RP2350_60QFN,61
H8,GND,U7,RP2350_60QFN,61
H8,GND,U7,RP2350_60QFN,61
H8,GND,U7,RP2350_60QFN,61
H8,GND,R15,470,2
H8,GND,X1,SiT2001B,1
H8,GND,SW9,SW_Push,2
H8,GND,SW9,SW_Push,2
H8,GND,C25,1u,2
H8,GND,R12,470,2
H8,GND,C42,100n,2
H8,GND,J1,Conn_02x05_Row_Letter_First,3
H8,GND,J1,Conn_02x05_Row_Letter_First,4
H9,GND,C6,100n,2
H9,GND,C9,100n,2
H9,GND,SW5,SW_Push,1
H9,GND,SW5,SW_Push,1
H9,GND,SW1,SW_Push,1
H9,GND,SW1,SW_Push,1
H9,GND,SW7,SW_Push,1
H9,GND,SW7,SW_Push,1
H9,GND,C10,100n,2
H9,GND,C7,100n,2
H9,GND,SW4,SW_Push,1
H9,GND,SW4,SW_Push,1
H9,GND,SW6,SW_Push,1
H9,GND,SW6,SW_Push,1
H9,GND,SW3,SW_Push,1
H9,GND,SW3,SW_Push,1
H9,GND,C15,100n,2
H9,GND,SW2,SW_Push,1
H9,GND,SW2,SW_Push,1
H9,GND,C39,100n,2
H9,GND,C27,4.7u,2
H9,GND,BZ1,Buzzer,2
H9,GND,J3,Conn_02x05_Row_Letter_First,3
H9,GND,J3,Conn_02x05_Row_Letter_First,4
H9,GND,C24,4u7,2
H9,GND,R7,470,2
H9,GND,C22,4u7,2
H9,GND,R23,10k,2
H9,GND,J5,USB_C_Receptacle_USB2.0,A1
H9,GND,J5,USB_C_Receptacle_USB2.0,A12
H9,GND,J5,USB_C_Receptacle_USB2.0,B1
H9,GND,J5,USB_C_Receptacle_USB2.0,B12
H9,GND,J5,USB_C_Receptacle_USB2.0,S1
H9,GND,J5,USB_C_Receptacle_USB2.0,S1
H9,GND,J5,USB_C_Receptacle_USB2.0,S1
H9,GND,J5,USB_C_Receptacle_USB2.0,S1
H9,GND,R4,470,2
H9,GND,U5,BQ24075,4
H9,GND,U5,BQ24075,5
H9,GND,U5,BQ24075,8
H9,GND,U5,BQ24075,15
H9,GND,U5,BQ24075,17
H9,GND,R2,470,2
H9,GND,J2,Conn_02x05_Row_Letter_First,3
H9,GND,J2,Conn_02x05_Row_Letter_First,4
H9,GND,C31,22pF,1
H9,GND,Y1,12Mhz,2
H9,GND,Y1,12Mhz,4
H9,GND,C28,4.7u,2
H9,GND,R34,1k,2
H9,GND,R39,10K,2
H9,GND,C8,10u,2
H9,GND,C32,100n,2
H9,GND,Q2,Q_NMOS_GSD,2
H9,GND,C21,1u,2
H9,GND,C36,100n,2
H9,GND,C19,4u7,2
H9,GND,U4,GC9A01_IPS_display,1
H9,GND,U4,GC9A01_IPS_display,5
H9,GND,U4,GC9A01_IPS_display,6
H9,GND,U4,GC9A01_IPS_display,12
H9,GND,C11,10u,2
H9,GND,U2,TLV73311PDBV,2
H9,GND,C1,4.7u,2
H9,GND,C43,100n,2
H9,GND,C40,4.7u,2
H9,GND,R38,10K,1
H9,GND,C37,100n,2
H9,GND,AA-1,TestPoint,1
H9,GND,R5,470,2
H9,GND,R24,47k,2
H9,GND,C18,100n,2
H9,GND,U9,W25Q128JVSIM,4
H9,GND,C12,1u,2
H9,GND,C29,4.7u,2
H9,GND,C17,1u,2
H9,GND,C3,4.7u,2
H9,GND,U1,APS6404L-3SQR-SN_C5333729,4
H9,GND,U3,TLV73325PDBV,2
H9,GND,R35,5k1,2
H9,GND,Q1,2N7002,2
H9,GND,R25,1k5,2
H9,GND,C16,10u,2
H9,GND,R26,2k2,2
H9,GND,U10,AMS1117-3.3,1
H9,GND,R43,10K,2
H9,GND,C23,1u,2
H9,GND,J4,JST PH S2B,2
H9,GND,R11,470,2
H9,GND,C35,100n,2
H9,GND,C5,100n,2
H9,GND,C20,4u7,2
H9,GND,U6,W25Q128JVS,4
H9,GND,C44,100n,2
H9,GND,R14,470,2
H9,GND,C13,1u,2
H9,GND,C38,100n,2
H9,GND,C33,100n,2
H9,GND,C41,100n,2
H9,GND,C26,100n,2
H9,GND,C30,22pF,1
H9,GND,C34,100n,2
H9,GND,J6,Conn_02x05_Row_Letter_First,3
H9,GND,J6,Conn_02x05_Row_Letter_First,4
H9,GND,R36,5k1,2
H9,GND,U7,RP2350_60QFN,47
H9,GND,U7,RP2350_60QFN,61
H9,GND,U7,RP2350_60QFN,61
H9,GND,U7,RP2350_60QFN,61
H9,GND,U7,RP2350_60QFN,61
H9,GND,U7,RP2350_60QFN,61
H9,GND,U7,RP2350_60QFN,61
H9,GND,U7,RP2350_60QFN,61
H9,GND,U7,RP2350_60QFN,61
H9,GND,U7,RP2350_60QFN,61
H9,GND,U7,RP2350_60QFN,61
H9,GND,R15,470,2
H9,GND,X1,SiT2001B,1
H9,GND,SW9,SW_Push,2
H9,GND,SW9,SW_Push,2
H9,GND,C25,1u,2
H9,GND,R12,470,2
H9,GND,C42,100n,2
H9,GND,J1,Conn_02x05_Row_Letter_First,3
H9,GND,J1,Conn_02x05_Row_Letter_First,4
H10,GND,C6,100n,2
H10,GND,C9,100n,2
H10,GND,SW5,SW_Push,1
H10,GND,SW5,SW_Push,1
H10,GND,SW1,SW_Push,1
H10,GND,SW1,SW_Push,1
H10,GND,SW7,SW_Push,1
H10,GND,SW7,SW_Push,1
H10,GND,C10,100n,2
H10,GND,C7,100n,2
H10,GND,SW4,SW_Push,1
H10,GND,SW4,SW_Push,1
H10,GND,SW6,SW_Push,1
H10,GND,SW6,SW_Push,1
H10,GND,SW3,SW_Push,1
H10,GND,SW3,SW_Push,1
H10,GND,C15,100n,2
H10,GND,SW2,SW_Push,1
H10,GND,SW2,SW_Push,1
H10,GND,C39,100n,2
H10,GND,C27,4.7u,2
H10,GND,BZ1,Buzzer,2
H10,GND,J3,Conn_02x05_Row_Letter_First,3
H10,GND,J3,Conn_02x05_Row_Letter_First,4
H10,GND,C24,4u7,2
H10,GND,R7,470,2
H10,GND,C22,4u7,2
H10,GND,R23,10k,2
H10,GND,J5,USB_C_Receptacle_USB2.0,A1
H10,GND,J5,USB_C_Receptacle_USB2.0,A12
H10,GND,J5,USB_C_Receptacle_USB2.0,B1
H10,GND,J5,USB_C_Receptacle_USB2.0,B12
H10,GND,J5,USB_C_Receptacle_USB2.0,S1
H10,GND,J5,USB_C_Receptacle_USB2.0,S1
H10,GND,J5,USB_C_Receptacle_USB2.0,S1
H10,GND,J5,USB_C_Receptacle_USB2.0,S1
H10,GND,R4,470,2
H10,GND,U5,BQ24075,4
H10,GND,U5,BQ24075,5
H10,GND,U5,BQ24075,8
H10,GND,U5,BQ24075,15
H10,GND,U5,BQ24075,17
H10,GND,R2,470,2
H10,GND,J2,Conn_02x05_Row_Letter_First,3
H10,GND,J2,Conn_02x05_Row_Letter_First,4
H10,GND,C31,22pF,1
H10,GND,Y1,12Mhz,2
H10,GND,Y1,12Mhz,4
H10,GND,C28,4.7u,2
H10,GND,R34,1k,2
H10,GND,R39,10K,2
H10,GND,C8,10u,2
H10,GND,C32,100n,2
H10,GND,Q2,Q_NMOS_GSD,2
H10,GND,C21,1u,2
H10,GND,C36,100n,2
H10,GND,C19,4u7,2
H10,GND,U4,GC9A01_IPS_display,1
H10,GND,U4,GC9A01_IPS_display,5
H10,GND,U4,GC9A01_IPS_display,6
H10,GND,U4,GC9A01_IPS_display,12
H10,GND,C11,10u,2
H10,GND,U2,TLV73311PDBV,2
H10,GND,C1,4.7u,2
H10,GND,C43,100n,2
H10,GND,C40,4.7u,2
H10,GND,R38,10K,1
H10,GND,C37,100n,2
H10,GND,AA-1,TestPoint,1
H10,GND,R5,470,2
H10,GND,R24,47k,2
H10,GND,C18,100n,2
H10,GND,U9,W25Q128JVSIM,4
H10,GND,C12,1u,2
H10,GND,C29,4.7u,2
H10,GND,C17,1u,2
H10,GND,C3,4.7u,2
H10,GND,U1,APS6404L-3SQR-SN_C5333729,4
H10,GND,U3,TLV73325PDBV,2
H10,GND,R35,5k1,2
H10,GND,Q1,2N7002,2
H10,GND,R25,1k5,2
H10,GND,C16,10u,2
H10,GND,R26,2k2,2
H10,GND,U10,AMS1117-3.3,1
H10,GND,R43,10K,2
H10,GND,C23,1u,2
H10,GND,J4,JST PH S2B,2
H10,GND,R11,470,2
H10,GND,C35,100n,2
H10,GND,C5,100n,2
H10,GND,C20,4u7,2
H10,GND,U6,W25Q128JVS,4
H10,GND,C44,100n,2
H10,GND,R14,470,2
H10,GND,C13,1u,2
H10,GND,C38,100n,2
H10,GND,C33,100n,2
H10,GND,C41,100n,2
H10,GND,C26,100n,2
H10,GND,C30,22pF,1
H10,GND,C34,100n,2
H10,GND,J6,Conn_02x05_Row_Letter_First,3
H10,GND,J6,Conn_02x05_Row_Letter_First,4
H10,GND,R36,5k1,2
H10,GND,U7,RP2350_60QFN,47
H10,GND,U7,RP2350_60QFN,61
H10,GND,U7,RP2350_60QFN,61
H10,GND,U7,RP2350_60QFN,61
H10,GND,U7,RP2350_60QFN,61
H10,GND,U7,RP2350_60QFN,61
H10,GND,U7,RP2350_60QFN,61
H10,GND,U7,RP2350_60QFN,61
H10,GND,U7,RP2350_60QFN,61
H10,GND,U7,RP2350_60QFN,61
H10,GND,U7,RP2350_60QFN,61
H10,GND,R15,470,2
H10,GND,X1,SiT2001B,1
H10,GND,SW9,SW_Push,2
H10,GND,SW9,SW_Push,2
H10,GND,C25,1u,2
H10,GND,R12,470,2
H10,GND,C42,100n,2
H10,GND,J1,Conn_02x05_Row_Letter_First,3
H10,GND,J1,Conn_02x05_Row_Letter_First,4
H11,+3V3,C9,100n,1
H11,+3V3,C10,100n,1
H11,+3V3,R8,10k,1
H11,+3V3,R6,10k,1
H11,+3V3,R21,22,1
H11,+3V3,R45,10K,2
H11,+3V3,J3,Conn_02x05_Row_Letter_First,1
H11,+3V3,J3,Conn_02x05_Row_Letter_First,2
H11,+3V3,R42,10K,2
H11,+3V3,R44,10K,2
H11,+3V3,J2,Conn_02x05_Row_Letter_First,1
H11,+3V3,J2,Conn_02x05_Row_Letter_First,2
H11,+3V3,R16,10k,2
H11,+3V3,R46,10K,2
H11,+3V3,C28,4.7u,1
H11,+3V3,JP7,SolderJumper_2_Bridged,2
H11,+3V3,C32,100n,1
H11,+3V3,C36,100n,1
H11,+3V3,U4,GC9A01_IPS_display,4
H11,+3V3,C11,10u,1
H11,+3V3,R10,10k,1
H11,+3V3,D11,LED,2
H11,+3V3,C37,100n,1
H11,+3V3,C18,100n,1
H11,+3V3,R40,10K,2
H11,+3V3,U9,W25Q128JVSIM,8
H11,+3V3,U1,APS6404L-3SQR-SN_C5333729,8
H11,+3V3,C35,100n,1
H11,+3V3,R1,10k,1
H11,+3V3,U6,W25Q128JVS,8
H11,+3V3,C44,100n,1
H11,+3V3,R27,33,1
H11,+3V3,JP9,SolderJumper_3_Bridged12,3
H11,+3V3,R3,10k,1
H11,+3V3,C38,100n,1
H11,+3V3,C33,100n,1
H11,+3V3,R41,10K,2
H11,+3V3,R13,10k,1
H11,+3V3,C26,100n,1
H11,+3V3,C34,100n,1
H11,+3V3,J6,Conn_02x05_Row_Letter_First,1
H11,+3V3,J6,Conn_02x05_Row_Letter_First,2
H11,+3V3,U7,RP2350_60QFN,1
H11,+3V3,U7,RP2350_60QFN,11
H11,+3V3,U7,RP2350_60QFN,20
H11,+3V3,U7,RP2350_60QFN,30
H11,+3V3,U7,RP2350_60QFN,38
H11,+3V3,U7,RP2350_60QFN,44
H11,+3V3,U7,RP2350_60QFN,45
H11,+3V3,U7,RP2350_60QFN,49
H11,+3V3,U7,RP2350_60QFN,53
H11,+3V3,U7,RP2350_60QFN,54
H11,+3V3,R9,10k,1
H11,+3V3,R22,10k,2
H11,+3V3,C42,100n,1
H11,+3V3,J1,Conn_02x05_Row_Letter_First,1
H11,+3V3,J1,Conn_02x05_Row_Letter_First,2
H12,unconnected-(U8D-PR17A{slash}+{slash}HS{slash}RDQ20-PadH12),,,
H13,unconnected-(U8D-PR17B{slash}-{slash}HS{slash}RDQ20-PadH13),,,
H14,unconnected-(U8D-PR14D{slash}-{slash}RDQ20-PadH14),,,
H15,unconnected-(U8D-PR20B{slash}-{slash}HS{slash}RDQSN20-PadH15),,,
H16,GND,C6,100n,2
H16,GND,C9,100n,2
H16,GND,SW5,SW_Push,1
H16,GND,SW5,SW_Push,1
H16,GND,SW1,SW_Push,1
H16,GND,SW1,SW_Push,1
H16,GND,SW7,SW_Push,1
H16,GND,SW7,SW_Push,1
H16,GND,C10,100n,2
H16,GND,C7,100n,2
H16,GND,SW4,SW_Push,1
H16,GND,SW4,SW_Push,1
H16,GND,SW6,SW_Push,1
H16,GND,SW6,SW_Push,1
H16,GND,SW3,SW_Push,1
H16,GND,SW3,SW_Push,1
H16,GND,C15,100n,2
H16,GND,SW2,SW_Push,1
H16,GND,SW2,SW_Push,1
H16,GND,C39,100n,2
H16,GND,C27,4.7u,2
H16,GND,BZ1,Buzzer,2
H16,GND,J3,Conn_02x05_Row_Letter_First,3
H16,GND,J3,Conn_02x05_Row_Letter_First,4
H16,GND,C24,4u7,2
H16,GND,R7,470,2
H16,GND,C22,4u7,2
H16,GND,R23,10k,2
H16,GND,J5,USB_C_Receptacle_USB2.0,A1
H16,GND,J5,USB_C_Receptacle_USB2.0,A12
H16,GND,J5,USB_C_Receptacle_USB2.0,B1
H16,GND,J5,USB_C_Receptacle_USB2.0,B12
H16,GND,J5,USB_C_Receptacle_USB2.0,S1
H16,GND,J5,USB_C_Receptacle_USB2.0,S1
H16,GND,J5,USB_C_Receptacle_USB2.0,S1
H16,GND,J5,USB_C_Receptacle_USB2.0,S1
H16,GND,R4,470,2
H16,GND,U5,BQ24075,4
H16,GND,U5,BQ24075,5
H16,GND,U5,BQ24075,8
H16,GND,U5,BQ24075,15
H16,GND,U5,BQ24075,17
H16,GND,R2,470,2
H16,GND,J2,Conn_02x05_Row_Letter_First,3
H16,GND,J2,Conn_02x05_Row_Letter_First,4
H16,GND,C31,22pF,1
H16,GND,Y1,12Mhz,2
H16,GND,Y1,12Mhz,4
H16,GND,C28,4.7u,2
H16,GND,R34,1k,2
H16,GND,R39,10K,2
H16,GND,C8,10u,2
H16,GND,C32,100n,2
H16,GND,Q2,Q_NMOS_GSD,2
H16,GND,C21,1u,2
H16,GND,C36,100n,2
H16,GND,C19,4u7,2
H16,GND,U4,GC9A01_IPS_display,1
H16,GND,U4,GC9A01_IPS_display,5
H16,GND,U4,GC9A01_IPS_display,6
H16,GND,U4,GC9A01_IPS_display,12
H16,GND,C11,10u,2
H16,GND,U2,TLV73311PDBV,2
H16,GND,C1,4.7u,2
H16,GND,C43,100n,2
H16,GND,C40,4.7u,2
H16,GND,R38,10K,1
H16,GND,C37,100n,2
H16,GND,AA-1,TestPoint,1
H16,GND,R5,470,2
H16,GND,R24,47k,2
H16,GND,C18,100n,2
H16,GND,U9,W25Q128JVSIM,4
H16,GND,C12,1u,2
H16,GND,C29,4.7u,2
H16,GND,C17,1u,2
H16,GND,C3,4.7u,2
H16,GND,U1,APS6404L-3SQR-SN_C5333729,4
H16,GND,U3,TLV73325PDBV,2
H16,GND,R35,5k1,2
H16,GND,Q1,2N7002,2
H16,GND,R25,1k5,2
H16,GND,C16,10u,2
H16,GND,R26,2k2,2
H16,GND,U10,AMS1117-3.3,1
H16,GND,R43,10K,2
H16,GND,C23,1u,2
H16,GND,J4,JST PH S2B,2
H16,GND,R11,470,2
H16,GND,C35,100n,2
H16,GND,C5,100n,2
H16,GND,C20,4u7,2
H16,GND,U6,W25Q128JVS,4
H16,GND,C44,100n,2
H16,GND,R14,470,2
H16,GND,C13,1u,2
H16,GND,C38,100n,2
H16,GND,C33,100n,2
H16,GND,C41,100n,2
H16,GND,C26,100n,2
H16,GND,C30,22pF,1
H16,GND,C34,100n,2
H16,GND,J6,Conn_02x05_Row_Letter_First,3
H16,GND,J6,Conn_02x05_Row_Letter_First,4
H16,GND,R36,5k1,2
H16,GND,U7,RP2350_60QFN,47
H16,GND,U7,RP2350_60QFN,61
H16,GND,U7,RP2350_60QFN,61
H16,GND,U7,RP2350_60QFN,61
H16,GND,U7,RP2350_60QFN,61
H16,GND,U7,RP2350_60QFN,61
H16,GND,U7,RP2350_60QFN,61
H16,GND,U7,RP2350_60QFN,61
H16,GND,U7,RP2350_60QFN,61
H16,GND,U7,RP2350_60QFN,61
H16,GND,U7,RP2350_60QFN,61
H16,GND,R15,470,2
H16,GND,X1,SiT2001B,1
H16,GND,SW9,SW_Push,2
H16,GND,SW9,SW_Push,2
H16,GND,C25,1u,2
H16,GND,R12,470,2
H16,GND,C42,100n,2
H16,GND,J1,Conn_02x05_Row_Letter_First,3
H16,GND,J1,Conn_02x05_Row_Letter_First,4
J1,unconnected-(U8G-PL23A{slash}+{slash}PCLKT7_1{slash}HS{slash}LDQ20-PadJ1),,,
J2,unconnected-(U8G-PL23B{slash}-{slash}PCLKC7_1{slash}HS{slash}LDQ20-PadJ2),,,
J3,unconnected-(U8G-PL20C{slash}+{slash}GR_PCLK7_0{slash}LDQ20-PadJ3),,,
J4,unconnected-(U8G-PL17C{slash}+{slash}LDQ20-PadJ4),,,
J5,unconnected-(U8G-PL17D{slash}-{slash}LDQ20-PadJ5),,,
J6,+3V3,C9,100n,1
J6,+3V3,C10,100n,1
J6,+3V3,R8,10k,1
J6,+3V3,R6,10k,1
J6,+3V3,R21,22,1
J6,+3V3,R45,10K,2
J6,+3V3,J3,Conn_02x05_Row_Letter_First,1
J6,+3V3,J3,Conn_02x05_Row_Letter_First,2
J6,+3V3,R42,10K,2
J6,+3V3,R44,10K,2
J6,+3V3,J2,Conn_02x05_Row_Letter_First,1
J6,+3V3,J2,Conn_02x05_Row_Letter_First,2
J6,+3V3,R16,10k,2
J6,+3V3,R46,10K,2
J6,+3V3,C28,4.7u,1
J6,+3V3,JP7,SolderJumper_2_Bridged,2
J6,+3V3,C32,100n,1
J6,+3V3,C36,100n,1
J6,+3V3,U4,GC9A01_IPS_display,4
J6,+3V3,C11,10u,1
J6,+3V3,R10,10k,1
J6,+3V3,D11,LED,2
J6,+3V3,C37,100n,1
J6,+3V3,C18,100n,1
J6,+3V3,R40,10K,2
J6,+3V3,U9,W25Q128JVSIM,8
J6,+3V3,U1,APS6404L-3SQR-SN_C5333729,8
J6,+3V3,C35,100n,1
J6,+3V3,R1,10k,1
J6,+3V3,U6,W25Q128JVS,8
J6,+3V3,C44,100n,1
J6,+3V3,R27,33,1
J6,+3V3,JP9,SolderJumper_3_Bridged12,3
J6,+3V3,R3,10k,1
J6,+3V3,C38,100n,1
J6,+3V3,C33,100n,1
J6,+3V3,R41,10K,2
J6,+3V3,R13,10k,1
J6,+3V3,C26,100n,1
J6,+3V3,C34,100n,1
J6,+3V3,J6,Conn_02x05_Row_Letter_First,1
J6,+3V3,J6,Conn_02x05_Row_Letter_First,2
J6,+3V3,U7,RP2350_60QFN,1
J6,+3V3,U7,RP2350_60QFN,11
J6,+3V3,U7,RP2350_60QFN,20
J6,+3V3,U7,RP2350_60QFN,30
J6,+3V3,U7,RP2350_60QFN,38
J6,+3V3,U7,RP2350_60QFN,44
J6,+3V3,U7,RP2350_60QFN,45
J6,+3V3,U7,RP2350_60QFN,49
J6,+3V3,U7,RP2350_60QFN,53
J6,+3V3,U7,RP2350_60QFN,54
J6,+3V3,R9,10k,1
J6,+3V3,R22,10k,2
J6,+3V3,C42,100n,1
J6,+3V3,J1,Conn_02x05_Row_Letter_First,1
J6,+3V3,J1,Conn_02x05_Row_Letter_First,2
J7,+3V3,C9,100n,1
J7,+3V3,C10,100n,1
J7,+3V3,R8,10k,1
J7,+3V3,R6,10k,1
J7,+3V3,R21,22,1
J7,+3V3,R45,10K,2
J7,+3V3,J3,Conn_02x05_Row_Letter_First,1
J7,+3V3,J3,Conn_02x05_Row_Letter_First,2
J7,+3V3,R42,10K,2
J7,+3V3,R44,10K,2
J7,+3V3,J2,Conn_02x05_Row_Letter_First,1
J7,+3V3,J2,Conn_02x05_Row_Letter_First,2
J7,+3V3,R16,10k,2
J7,+3V3,R46,10K,2
J7,+3V3,C28,4.7u,1
J7,+3V3,JP7,SolderJumper_2_Bridged,2
J7,+3V3,C32,100n,1
J7,+3V3,C36,100n,1
J7,+3V3,U4,GC9A01_IPS_display,4
J7,+3V3,C11,10u,1
J7,+3V3,R10,10k,1
J7,+3V3,D11,LED,2
J7,+3V3,C37,100n,1
J7,+3V3,C18,100n,1
J7,+3V3,R40,10K,2
J7,+3V3,U9,W25Q128JVSIM,8
J7,+3V3,U1,APS6404L-3SQR-SN_C5333729,8
J7,+3V3,C35,100n,1
J7,+3V3,R1,10k,1
J7,+3V3,U6,W25Q128JVS,8
J7,+3V3,C44,100n,1
J7,+3V3,R27,33,1
J7,+3V3,JP9,SolderJumper_3_Bridged12,3
J7,+3V3,R3,10k,1
J7,+3V3,C38,100n,1
J7,+3V3,C33,100n,1
J7,+3V3,R41,10K,2
J7,+3V3,R13,10k,1
J7,+3V3,C26,100n,1
J7,+3V3,C34,100n,1
J7,+3V3,J6,Conn_02x05_Row_Letter_First,1
J7,+3V3,J6,Conn_02x05_Row_Letter_First,2
J7,+3V3,U7,RP2350_60QFN,1
J7,+3V3,U7,RP2350_60QFN,11
J7,+3V3,U7,RP2350_60QFN,20
J7,+3V3,U7,RP2350_60QFN,30
J7,+3V3,U7,RP2350_60QFN,38
J7,+3V3,U7,RP2350_60QFN,44
J7,+3V3,U7,RP2350_60QFN,45
J7,+3V3,U7,RP2350_60QFN,49
J7,+3V3,U7,RP2350_60QFN,53
J7,+3V3,U7,RP2350_60QFN,54
J7,+3V3,R9,10k,1
J7,+3V3,R22,10k,2
J7,+3V3,C42,100n,1
J7,+3V3,J1,Conn_02x05_Row_Letter_First,1
J7,+3V3,J1,Conn_02x05_Row_Letter_First,2
J8,GND,C6,100n,2
J8,GND,C9,100n,2
J8,GND,SW5,SW_Push,1
J8,GND,SW5,SW_Push,1
J8,GND,SW1,SW_Push,1
J8,GND,SW1,SW_Push,1
J8,GND,SW7,SW_Push,1
J8,GND,SW7,SW_Push,1
J8,GND,C10,100n,2
J8,GND,C7,100n,2
J8,GND,SW4,SW_Push,1
J8,GND,SW4,SW_Push,1
J8,GND,SW6,SW_Push,1
J8,GND,SW6,SW_Push,1
J8,GND,SW3,SW_Push,1
J8,GND,SW3,SW_Push,1
J8,GND,C15,100n,2
J8,GND,SW2,SW_Push,1
J8,GND,SW2,SW_Push,1
J8,GND,C39,100n,2
J8,GND,C27,4.7u,2
J8,GND,BZ1,Buzzer,2
J8,GND,J3,Conn_02x05_Row_Letter_First,3
J8,GND,J3,Conn_02x05_Row_Letter_First,4
J8,GND,C24,4u7,2
J8,GND,R7,470,2
J8,GND,C22,4u7,2
J8,GND,R23,10k,2
J8,GND,J5,USB_C_Receptacle_USB2.0,A1
J8,GND,J5,USB_C_Receptacle_USB2.0,A12
J8,GND,J5,USB_C_Receptacle_USB2.0,B1
J8,GND,J5,USB_C_Receptacle_USB2.0,B12
J8,GND,J5,USB_C_Receptacle_USB2.0,S1
J8,GND,J5,USB_C_Receptacle_USB2.0,S1
J8,GND,J5,USB_C_Receptacle_USB2.0,S1
J8,GND,J5,USB_C_Receptacle_USB2.0,S1
J8,GND,R4,470,2
J8,GND,U5,BQ24075,4
J8,GND,U5,BQ24075,5
J8,GND,U5,BQ24075,8
J8,GND,U5,BQ24075,15
J8,GND,U5,BQ24075,17
J8,GND,R2,470,2
J8,GND,J2,Conn_02x05_Row_Letter_First,3
J8,GND,J2,Conn_02x05_Row_Letter_First,4
J8,GND,C31,22pF,1
J8,GND,Y1,12Mhz,2
J8,GND,Y1,12Mhz,4
J8,GND,C28,4.7u,2
J8,GND,R34,1k,2
J8,GND,R39,10K,2
J8,GND,C8,10u,2
J8,GND,C32,100n,2
J8,GND,Q2,Q_NMOS_GSD,2
J8,GND,C21,1u,2
J8,GND,C36,100n,2
J8,GND,C19,4u7,2
J8,GND,U4,GC9A01_IPS_display,1
J8,GND,U4,GC9A01_IPS_display,5
J8,GND,U4,GC9A01_IPS_display,6
J8,GND,U4,GC9A01_IPS_display,12
J8,GND,C11,10u,2
J8,GND,U2,TLV73311PDBV,2
J8,GND,C1,4.7u,2
J8,GND,C43,100n,2
J8,GND,C40,4.7u,2
J8,GND,R38,10K,1
J8,GND,C37,100n,2
J8,GND,AA-1,TestPoint,1
J8,GND,R5,470,2
J8,GND,R24,47k,2
J8,GND,C18,100n,2
J8,GND,U9,W25Q128JVSIM,4
J8,GND,C12,1u,2
J8,GND,C29,4.7u,2
J8,GND,C17,1u,2
J8,GND,C3,4.7u,2
J8,GND,U1,APS6404L-3SQR-SN_C5333729,4
J8,GND,U3,TLV73325PDBV,2
J8,GND,R35,5k1,2
J8,GND,Q1,2N7002,2
J8,GND,R25,1k5,2
J8,GND,C16,10u,2
J8,GND,R26,2k2,2
J8,GND,U10,AMS1117-3.3,1
J8,GND,R43,10K,2
J8,GND,C23,1u,2
J8,GND,J4,JST PH S2B,2
J8,GND,R11,470,2
J8,GND,C35,100n,2
J8,GND,C5,100n,2
J8,GND,C20,4u7,2
J8,GND,U6,W25Q128JVS,4
J8,GND,C44,100n,2
J8,GND,R14,470,2
J8,GND,C13,1u,2
J8,GND,C38,100n,2
J8,GND,C33,100n,2
J8,GND,C41,100n,2
J8,GND,C26,100n,2
J8,GND,C30,22pF,1
J8,GND,C34,100n,2
J8,GND,J6,Conn_02x05_Row_Letter_First,3
J8,GND,J6,Conn_02x05_Row_Letter_First,4
J8,GND,R36,5k1,2
J8,GND,U7,RP2350_60QFN,47
J8,GND,U7,RP2350_60QFN,61
J8,GND,U7,RP2350_60QFN,61
J8,GND,U7,RP2350_60QFN,61
J8,GND,U7,RP2350_60QFN,61
J8,GND,U7,RP2350_60QFN,61
J8,GND,U7,RP2350_60QFN,61
J8,GND,U7,RP2350_60QFN,61
J8,GND,U7,RP2350_60QFN,61
J8,GND,U7,RP2350_60QFN,61
J8,GND,U7,RP2350_60QFN,61
J8,GND,R15,470,2
J8,GND,X1,SiT2001B,1
J8,GND,SW9,SW_Push,2
J8,GND,SW9,SW_Push,2
J8,GND,C25,1u,2
J8,GND,R12,470,2
J8,GND,C42,100n,2
J8,GND,J1,Conn_02x05_Row_Letter_First,3
J8,GND,J1,Conn_02x05_Row_Letter_First,4
J9,GND,C6,100n,2
J9,GND,C9,100n,2
J9,GND,SW5,SW_Push,1
J9,GND,SW5,SW_Push,1
J9,GND,SW1,SW_Push,1
J9,GND,SW1,SW_Push,1
J9,GND,SW7,SW_Push,1
J9,GND,SW7,SW_Push,1
J9,GND,C10,100n,2
J9,GND,C7,100n,2
J9,GND,SW4,SW_Push,1
J9,GND,SW4,SW_Push,1
J9,GND,SW6,SW_Push,1
J9,GND,SW6,SW_Push,1
J9,GND,SW3,SW_Push,1
J9,GND,SW3,SW_Push,1
J9,GND,C15,100n,2
J9,GND,SW2,SW_Push,1
J9,GND,SW2,SW_Push,1
J9,GND,C39,100n,2
J9,GND,C27,4.7u,2
J9,GND,BZ1,Buzzer,2
J9,GND,J3,Conn_02x05_Row_Letter_First,3
J9,GND,J3,Conn_02x05_Row_Letter_First,4
J9,GND,C24,4u7,2
J9,GND,R7,470,2
J9,GND,C22,4u7,2
J9,GND,R23,10k,2
J9,GND,J5,USB_C_Receptacle_USB2.0,A1
J9,GND,J5,USB_C_Receptacle_USB2.0,A12
J9,GND,J5,USB_C_Receptacle_USB2.0,B1
J9,GND,J5,USB_C_Receptacle_USB2.0,B12
J9,GND,J5,USB_C_Receptacle_USB2.0,S1
J9,GND,J5,USB_C_Receptacle_USB2.0,S1
J9,GND,J5,USB_C_Receptacle_USB2.0,S1
J9,GND,J5,USB_C_Receptacle_USB2.0,S1
J9,GND,R4,470,2
J9,GND,U5,BQ24075,4
J9,GND,U5,BQ24075,5
J9,GND,U5,BQ24075,8
J9,GND,U5,BQ24075,15
J9,GND,U5,BQ24075,17
J9,GND,R2,470,2
J9,GND,J2,Conn_02x05_Row_Letter_First,3
J9,GND,J2,Conn_02x05_Row_Letter_First,4
J9,GND,C31,22pF,1
J9,GND,Y1,12Mhz,2
J9,GND,Y1,12Mhz,4
J9,GND,C28,4.7u,2
J9,GND,R34,1k,2
J9,GND,R39,10K,2
J9,GND,C8,10u,2
J9,GND,C32,100n,2
J9,GND,Q2,Q_NMOS_GSD,2
J9,GND,C21,1u,2
J9,GND,C36,100n,2
J9,GND,C19,4u7,2
J9,GND,U4,GC9A01_IPS_display,1
J9,GND,U4,GC9A01_IPS_display,5
J9,GND,U4,GC9A01_IPS_display,6
J9,GND,U4,GC9A01_IPS_display,12
J9,GND,C11,10u,2
J9,GND,U2,TLV73311PDBV,2
J9,GND,C1,4.7u,2
J9,GND,C43,100n,2
J9,GND,C40,4.7u,2
J9,GND,R38,10K,1
J9,GND,C37,100n,2
J9,GND,AA-1,TestPoint,1
J9,GND,R5,470,2
J9,GND,R24,47k,2
J9,GND,C18,100n,2
J9,GND,U9,W25Q128JVSIM,4
J9,GND,C12,1u,2
J9,GND,C29,4.7u,2
J9,GND,C17,1u,2
J9,GND,C3,4.7u,2
J9,GND,U1,APS6404L-3SQR-SN_C5333729,4
J9,GND,U3,TLV73325PDBV,2
J9,GND,R35,5k1,2
J9,GND,Q1,2N7002,2
J9,GND,R25,1k5,2
J9,GND,C16,10u,2
J9,GND,R26,2k2,2
J9,GND,U10,AMS1117-3.3,1
J9,GND,R43,10K,2
J9,GND,C23,1u,2
J9,GND,J4,JST PH S2B,2
J9,GND,R11,470,2
J9,GND,C35,100n,2
J9,GND,C5,100n,2
J9,GND,C20,4u7,2
J9,GND,U6,W25Q128JVS,4
J9,GND,C44,100n,2
J9,GND,R14,470,2
J9,GND,C13,1u,2
J9,GND,C38,100n,2
J9,GND,C33,100n,2
J9,GND,C41,100n,2
J9,GND,C26,100n,2
J9,GND,C30,22pF,1
J9,GND,C34,100n,2
J9,GND,J6,Conn_02x05_Row_Letter_First,3
J9,GND,J6,Conn_02x05_Row_Letter_First,4
J9,GND,R36,5k1,2
J9,GND,U7,RP2350_60QFN,47
J9,GND,U7,RP2350_60QFN,61
J9,GND,U7,RP2350_60QFN,61
J9,GND,U7,RP2350_60QFN,61
J9,GND,U7,RP2350_60QFN,61
J9,GND,U7,RP2350_60QFN,61
J9,GND,U7,RP2350_60QFN,61
J9,GND,U7,RP2350_60QFN,61
J9,GND,U7,RP2350_60QFN,61
J9,GND,U7,RP2350_60QFN,61
J9,GND,U7,RP2350_60QFN,61
J9,GND,R15,470,2
J9,GND,X1,SiT2001B,1
J9,GND,SW9,SW_Push,2
J9,GND,SW9,SW_Push,2
J9,GND,C25,1u,2
J9,GND,R12,470,2
J9,GND,C42,100n,2
J9,GND,J1,Conn_02x05_Row_Letter_First,3
J9,GND,J1,Conn_02x05_Row_Letter_First,4
J10,GND,C6,100n,2
J10,GND,C9,100n,2
J10,GND,SW5,SW_Push,1
J10,GND,SW5,SW_Push,1
J10,GND,SW1,SW_Push,1
J10,GND,SW1,SW_Push,1
J10,GND,SW7,SW_Push,1
J10,GND,SW7,SW_Push,1
J10,GND,C10,100n,2
J10,GND,C7,100n,2
J10,GND,SW4,SW_Push,1
J10,GND,SW4,SW_Push,1
J10,GND,SW6,SW_Push,1
J10,GND,SW6,SW_Push,1
J10,GND,SW3,SW_Push,1
J10,GND,SW3,SW_Push,1
J10,GND,C15,100n,2
J10,GND,SW2,SW_Push,1
J10,GND,SW2,SW_Push,1
J10,GND,C39,100n,2
J10,GND,C27,4.7u,2
J10,GND,BZ1,Buzzer,2
J10,GND,J3,Conn_02x05_Row_Letter_First,3
J10,GND,J3,Conn_02x05_Row_Letter_First,4
J10,GND,C24,4u7,2
J10,GND,R7,470,2
J10,GND,C22,4u7,2
J10,GND,R23,10k,2
J10,GND,J5,USB_C_Receptacle_USB2.0,A1
J10,GND,J5,USB_C_Receptacle_USB2.0,A12
J10,GND,J5,USB_C_Receptacle_USB2.0,B1
J10,GND,J5,USB_C_Receptacle_USB2.0,B12
J10,GND,J5,USB_C_Receptacle_USB2.0,S1
J10,GND,J5,USB_C_Receptacle_USB2.0,S1
J10,GND,J5,USB_C_Receptacle_USB2.0,S1
J10,GND,J5,USB_C_Receptacle_USB2.0,S1
J10,GND,R4,470,2
J10,GND,U5,BQ24075,4
J10,GND,U5,BQ24075,5
J10,GND,U5,BQ24075,8
J10,GND,U5,BQ24075,15
J10,GND,U5,BQ24075,17
J10,GND,R2,470,2
J10,GND,J2,Conn_02x05_Row_Letter_First,3
J10,GND,J2,Conn_02x05_Row_Letter_First,4
J10,GND,C31,22pF,1
J10,GND,Y1,12Mhz,2
J10,GND,Y1,12Mhz,4
J10,GND,C28,4.7u,2
J10,GND,R34,1k,2
J10,GND,R39,10K,2
J10,GND,C8,10u,2
J10,GND,C32,100n,2
J10,GND,Q2,Q_NMOS_GSD,2
J10,GND,C21,1u,2
J10,GND,C36,100n,2
J10,GND,C19,4u7,2
J10,GND,U4,GC9A01_IPS_display,1
J10,GND,U4,GC9A01_IPS_display,5
J10,GND,U4,GC9A01_IPS_display,6
J10,GND,U4,GC9A01_IPS_display,12
J10,GND,C11,10u,2
J10,GND,U2,TLV73311PDBV,2
J10,GND,C1,4.7u,2
J10,GND,C43,100n,2
J10,GND,C40,4.7u,2
J10,GND,R38,10K,1
J10,GND,C37,100n,2
J10,GND,AA-1,TestPoint,1
J10,GND,R5,470,2
J10,GND,R24,47k,2
J10,GND,C18,100n,2
J10,GND,U9,W25Q128JVSIM,4
J10,GND,C12,1u,2
J10,GND,C29,4.7u,2
J10,GND,C17,1u,2
J10,GND,C3,4.7u,2
J10,GND,U1,APS6404L-3SQR-SN_C5333729,4
J10,GND,U3,TLV73325PDBV,2
J10,GND,R35,5k1,2
J10,GND,Q1,2N7002,2
J10,GND,R25,1k5,2
J10,GND,C16,10u,2
J10,GND,R26,2k2,2
J10,GND,U10,AMS1117-3.3,1
J10,GND,R43,10K,2
J10,GND,C23,1u,2
J10,GND,J4,JST PH S2B,2
J10,GND,R11,470,2
J10,GND,C35,100n,2
J10,GND,C5,100n,2
J10,GND,C20,4u7,2
J10,GND,U6,W25Q128JVS,4
J10,GND,C44,100n,2
J10,GND,R14,470,2
J10,GND,C13,1u,2
J10,GND,C38,100n,2
J10,GND,C33,100n,2
J10,GND,C41,100n,2
J10,GND,C26,100n,2
J10,GND,C30,22pF,1
J10,GND,C34,100n,2
J10,GND,J6,Conn_02x05_Row_Letter_First,3
J10,GND,J6,Conn_02x05_Row_Letter_First,4
J10,GND,R36,5k1,2
J10,GND,U7,RP2350_60QFN,47
J10,GND,U7,RP2350_60QFN,61
J10,GND,U7,RP2350_60QFN,61
J10,GND,U7,RP2350_60QFN,61
J10,GND,U7,RP2350_60QFN,61
J10,GND,U7,RP2350_60QFN,61
J10,GND,U7,RP2350_60QFN,61
J10,GND,U7,RP2350_60QFN,61
J10,GND,U7,RP2350_60QFN,61
J10,GND,U7,RP2350_60QFN,61
J10,GND,U7,RP2350_60QFN,61
J10,GND,R15,470,2
J10,GND,X1,SiT2001B,1
J10,GND,SW9,SW_Push,2
J10,GND,SW9,SW_Push,2
J10,GND,C25,1u,2
J10,GND,R12,470,2
J10,GND,C42,100n,2
J10,GND,J1,Conn_02x05_Row_Letter_First,3
J10,GND,J1,Conn_02x05_Row_Letter_First,4
J11,+3V3,C9,100n,1
J11,+3V3,C10,100n,1
J11,+3V3,R8,10k,1
J11,+3V3,R6,10k,1
J11,+3V3,R21,22,1
J11,+3V3,R45,10K,2
J11,+3V3,J3,Conn_02x05_Row_Letter_First,1
J11,+3V3,J3,Conn_02x05_Row_Letter_First,2
J11,+3V3,R42,10K,2
J11,+3V3,R44,10K,2
J11,+3V3,J2,Conn_02x05_Row_Letter_First,1
J11,+3V3,J2,Conn_02x05_Row_Letter_First,2
J11,+3V3,R16,10k,2
J11,+3V3,R46,10K,2
J11,+3V3,C28,4.7u,1
J11,+3V3,JP7,SolderJumper_2_Bridged,2
J11,+3V3,C32,100n,1
J11,+3V3,C36,100n,1
J11,+3V3,U4,GC9A01_IPS_display,4
J11,+3V3,C11,10u,1
J11,+3V3,R10,10k,1
J11,+3V3,D11,LED,2
J11,+3V3,C37,100n,1
J11,+3V3,C18,100n,1
J11,+3V3,R40,10K,2
J11,+3V3,U9,W25Q128JVSIM,8
J11,+3V3,U1,APS6404L-3SQR-SN_C5333729,8
J11,+3V3,C35,100n,1
J11,+3V3,R1,10k,1
J11,+3V3,U6,W25Q128JVS,8
J11,+3V3,C44,100n,1
J11,+3V3,R27,33,1
J11,+3V3,JP9,SolderJumper_3_Bridged12,3
J11,+3V3,R3,10k,1
J11,+3V3,C38,100n,1
J11,+3V3,C33,100n,1
J11,+3V3,R41,10K,2
J11,+3V3,R13,10k,1
J11,+3V3,C26,100n,1
J11,+3V3,C34,100n,1
J11,+3V3,J6,Conn_02x05_Row_Letter_First,1
J11,+3V3,J6,Conn_02x05_Row_Letter_First,2
J11,+3V3,U7,RP2350_60QFN,1
J11,+3V3,U7,RP2350_60QFN,11
J11,+3V3,U7,RP2350_60QFN,20
J11,+3V3,U7,RP2350_60QFN,30
J11,+3V3,U7,RP2350_60QFN,38
J11,+3V3,U7,RP2350_60QFN,44
J11,+3V3,U7,RP2350_60QFN,45
J11,+3V3,U7,RP2350_60QFN,49
J11,+3V3,U7,RP2350_60QFN,53
J11,+3V3,U7,RP2350_60QFN,54
J11,+3V3,R9,10k,1
J11,+3V3,R22,10k,2
J11,+3V3,C42,100n,1
J11,+3V3,J1,Conn_02x05_Row_Letter_First,1
J11,+3V3,J1,Conn_02x05_Row_Letter_First,2
J12,unconnected-(U8D-PR17D{slash}-{slash}RDQ20-PadJ12),,,
J13,unconnected-(U8D-PR17C{slash}+{slash}RDQ20-PadJ13),,,
J14,unconnected-(U8D-PR20C{slash}+{slash}GR_PCLK2_0{slash}RDQ20-PadJ14),,,
J15,unconnected-(U8D-PR23B{slash}-{slash}PCLKC2_1{slash}HS{slash}RDQ20-PadJ15),,,
J16,unconnected-(U8D-PR23A{slash}+{slash}PCLKT2_1{slash}HS{slash}RDQ20-PadJ16),,,
K1,unconnected-(U8G-PL23C{slash}+{slash}PCLKT7_0{slash}LDQ20-PadK1),,,
K2,unconnected-(U8G-PL23D{slash}-{slash}PCLKC7_0{slash}LDQ20-PadK2),,,
K3,unconnected-(U8G-PL20D{slash}-{slash}LDQ20-PadK3),,,
K4,unconnected-(U8F-PL29A{slash}+{slash}GR_PCLK6_0{slash}HS{slash}LDQ32-PadK4),,,
K5,unconnected-(U8F-PL29B{slash}-{slash}HS{slash}LDQ32-PadK5),,,
K6,GND,C6,100n,2
K6,GND,C9,100n,2
K6,GND,SW5,SW_Push,1
K6,GND,SW5,SW_Push,1
K6,GND,SW1,SW_Push,1
K6,GND,SW1,SW_Push,1
K6,GND,SW7,SW_Push,1
K6,GND,SW7,SW_Push,1
K6,GND,C10,100n,2
K6,GND,C7,100n,2
K6,GND,SW4,SW_Push,1
K6,GND,SW4,SW_Push,1
K6,GND,SW6,SW_Push,1
K6,GND,SW6,SW_Push,1
K6,GND,SW3,SW_Push,1
K6,GND,SW3,SW_Push,1
K6,GND,C15,100n,2
K6,GND,SW2,SW_Push,1
K6,GND,SW2,SW_Push,1
K6,GND,C39,100n,2
K6,GND,C27,4.7u,2
K6,GND,BZ1,Buzzer,2
K6,GND,J3,Conn_02x05_Row_Letter_First,3
K6,GND,J3,Conn_02x05_Row_Letter_First,4
K6,GND,C24,4u7,2
K6,GND,R7,470,2
K6,GND,C22,4u7,2
K6,GND,R23,10k,2
K6,GND,J5,USB_C_Receptacle_USB2.0,A1
K6,GND,J5,USB_C_Receptacle_USB2.0,A12
K6,GND,J5,USB_C_Receptacle_USB2.0,B1
K6,GND,J5,USB_C_Receptacle_USB2.0,B12
K6,GND,J5,USB_C_Receptacle_USB2.0,S1
K6,GND,J5,USB_C_Receptacle_USB2.0,S1
K6,GND,J5,USB_C_Receptacle_USB2.0,S1
K6,GND,J5,USB_C_Receptacle_USB2.0,S1
K6,GND,R4,470,2
K6,GND,U5,BQ24075,4
K6,GND,U5,BQ24075,5
K6,GND,U5,BQ24075,8
K6,GND,U5,BQ24075,15
K6,GND,U5,BQ24075,17
K6,GND,R2,470,2
K6,GND,J2,Conn_02x05_Row_Letter_First,3
K6,GND,J2,Conn_02x05_Row_Letter_First,4
K6,GND,C31,22pF,1
K6,GND,Y1,12Mhz,2
K6,GND,Y1,12Mhz,4
K6,GND,C28,4.7u,2
K6,GND,R34,1k,2
K6,GND,R39,10K,2
K6,GND,C8,10u,2
K6,GND,C32,100n,2
K6,GND,Q2,Q_NMOS_GSD,2
K6,GND,C21,1u,2
K6,GND,C36,100n,2
K6,GND,C19,4u7,2
K6,GND,U4,GC9A01_IPS_display,1
K6,GND,U4,GC9A01_IPS_display,5
K6,GND,U4,GC9A01_IPS_display,6
K6,GND,U4,GC9A01_IPS_display,12
K6,GND,C11,10u,2
K6,GND,U2,TLV73311PDBV,2
K6,GND,C1,4.7u,2
K6,GND,C43,100n,2
K6,GND,C40,4.7u,2
K6,GND,R38,10K,1
K6,GND,C37,100n,2
K6,GND,AA-1,TestPoint,1
K6,GND,R5,470,2
K6,GND,R24,47k,2
K6,GND,C18,100n,2
K6,GND,U9,W25Q128JVSIM,4
K6,GND,C12,1u,2
K6,GND,C29,4.7u,2
K6,GND,C17,1u,2
K6,GND,C3,4.7u,2
K6,GND,U1,APS6404L-3SQR-SN_C5333729,4
K6,GND,U3,TLV73325PDBV,2
K6,GND,R35,5k1,2
K6,GND,Q1,2N7002,2
K6,GND,R25,1k5,2
K6,GND,C16,10u,2
K6,GND,R26,2k2,2
K6,GND,U10,AMS1117-3.3,1
K6,GND,R43,10K,2
K6,GND,C23,1u,2
K6,GND,J4,JST PH S2B,2
K6,GND,R11,470,2
K6,GND,C35,100n,2
K6,GND,C5,100n,2
K6,GND,C20,4u7,2
K6,GND,U6,W25Q128JVS,4
K6,GND,C44,100n,2
K6,GND,R14,470,2
K6,GND,C13,1u,2
K6,GND,C38,100n,2
K6,GND,C33,100n,2
K6,GND,C41,100n,2
K6,GND,C26,100n,2
K6,GND,C30,22pF,1
K6,GND,C34,100n,2
K6,GND,J6,Conn_02x05_Row_Letter_First,3
K6,GND,J6,Conn_02x05_Row_Letter_First,4
K6,GND,R36,5k1,2
K6,GND,U7,RP2350_60QFN,47
K6,GND,U7,RP2350_60QFN,61
K6,GND,U7,RP2350_60QFN,61
K6,GND,U7,RP2350_60QFN,61
K6,GND,U7,RP2350_60QFN,61
K6,GND,U7,RP2350_60QFN,61
K6,GND,U7,RP2350_60QFN,61
K6,GND,U7,RP2350_60QFN,61
K6,GND,U7,RP2350_60QFN,61
K6,GND,U7,RP2350_60QFN,61
K6,GND,U7,RP2350_60QFN,61
K6,GND,R15,470,2
K6,GND,X1,SiT2001B,1
K6,GND,SW9,SW_Push,2
K6,GND,SW9,SW_Push,2
K6,GND,C25,1u,2
K6,GND,R12,470,2
K6,GND,C42,100n,2
K6,GND,J1,Conn_02x05_Row_Letter_First,3
K6,GND,J1,Conn_02x05_Row_Letter_First,4
K7,GND,C6,100n,2
K7,GND,C9,100n,2
K7,GND,SW5,SW_Push,1
K7,GND,SW5,SW_Push,1
K7,GND,SW1,SW_Push,1
K7,GND,SW1,SW_Push,1
K7,GND,SW7,SW_Push,1
K7,GND,SW7,SW_Push,1
K7,GND,C10,100n,2
K7,GND,C7,100n,2
K7,GND,SW4,SW_Push,1
K7,GND,SW4,SW_Push,1
K7,GND,SW6,SW_Push,1
K7,GND,SW6,SW_Push,1
K7,GND,SW3,SW_Push,1
K7,GND,SW3,SW_Push,1
K7,GND,C15,100n,2
K7,GND,SW2,SW_Push,1
K7,GND,SW2,SW_Push,1
K7,GND,C39,100n,2
K7,GND,C27,4.7u,2
K7,GND,BZ1,Buzzer,2
K7,GND,J3,Conn_02x05_Row_Letter_First,3
K7,GND,J3,Conn_02x05_Row_Letter_First,4
K7,GND,C24,4u7,2
K7,GND,R7,470,2
K7,GND,C22,4u7,2
K7,GND,R23,10k,2
K7,GND,J5,USB_C_Receptacle_USB2.0,A1
K7,GND,J5,USB_C_Receptacle_USB2.0,A12
K7,GND,J5,USB_C_Receptacle_USB2.0,B1
K7,GND,J5,USB_C_Receptacle_USB2.0,B12
K7,GND,J5,USB_C_Receptacle_USB2.0,S1
K7,GND,J5,USB_C_Receptacle_USB2.0,S1
K7,GND,J5,USB_C_Receptacle_USB2.0,S1
K7,GND,J5,USB_C_Receptacle_USB2.0,S1
K7,GND,R4,470,2
K7,GND,U5,BQ24075,4
K7,GND,U5,BQ24075,5
K7,GND,U5,BQ24075,8
K7,GND,U5,BQ24075,15
K7,GND,U5,BQ24075,17
K7,GND,R2,470,2
K7,GND,J2,Conn_02x05_Row_Letter_First,3
K7,GND,J2,Conn_02x05_Row_Letter_First,4
K7,GND,C31,22pF,1
K7,GND,Y1,12Mhz,2
K7,GND,Y1,12Mhz,4
K7,GND,C28,4.7u,2
K7,GND,R34,1k,2
K7,GND,R39,10K,2
K7,GND,C8,10u,2
K7,GND,C32,100n,2
K7,GND,Q2,Q_NMOS_GSD,2
K7,GND,C21,1u,2
K7,GND,C36,100n,2
K7,GND,C19,4u7,2
K7,GND,U4,GC9A01_IPS_display,1
K7,GND,U4,GC9A01_IPS_display,5
K7,GND,U4,GC9A01_IPS_display,6
K7,GND,U4,GC9A01_IPS_display,12
K7,GND,C11,10u,2
K7,GND,U2,TLV73311PDBV,2
K7,GND,C1,4.7u,2
K7,GND,C43,100n,2
K7,GND,C40,4.7u,2
K7,GND,R38,10K,1
K7,GND,C37,100n,2
K7,GND,AA-1,TestPoint,1
K7,GND,R5,470,2
K7,GND,R24,47k,2
K7,GND,C18,100n,2
K7,GND,U9,W25Q128JVSIM,4
K7,GND,C12,1u,2
K7,GND,C29,4.7u,2
K7,GND,C17,1u,2
K7,GND,C3,4.7u,2
K7,GND,U1,APS6404L-3SQR-SN_C5333729,4
K7,GND,U3,TLV73325PDBV,2
K7,GND,R35,5k1,2
K7,GND,Q1,2N7002,2
K7,GND,R25,1k5,2
K7,GND,C16,10u,2
K7,GND,R26,2k2,2
K7,GND,U10,AMS1117-3.3,1
K7,GND,R43,10K,2
K7,GND,C23,1u,2
K7,GND,J4,JST PH S2B,2
K7,GND,R11,470,2
K7,GND,C35,100n,2
K7,GND,C5,100n,2
K7,GND,C20,4u7,2
K7,GND,U6,W25Q128JVS,4
K7,GND,C44,100n,2
K7,GND,R14,470,2
K7,GND,C13,1u,2
K7,GND,C38,100n,2
K7,GND,C33,100n,2
K7,GND,C41,100n,2
K7,GND,C26,100n,2
K7,GND,C30,22pF,1
K7,GND,C34,100n,2
K7,GND,J6,Conn_02x05_Row_Letter_First,3
K7,GND,J6,Conn_02x05_Row_Letter_First,4
K7,GND,R36,5k1,2
K7,GND,U7,RP2350_60QFN,47
K7,GND,U7,RP2350_60QFN,61
K7,GND,U7,RP2350_60QFN,61
K7,GND,U7,RP2350_60QFN,61
K7,GND,U7,RP2350_60QFN,61
K7,GND,U7,RP2350_60QFN,61
K7,GND,U7,RP2350_60QFN,61
K7,GND,U7,RP2350_60QFN,61
K7,GND,U7,RP2350_60QFN,61
K7,GND,U7,RP2350_60QFN,61
K7,GND,U7,RP2350_60QFN,61
K7,GND,R15,470,2
K7,GND,X1,SiT2001B,1
K7,GND,SW9,SW_Push,2
K7,GND,SW9,SW_Push,2
K7,GND,C25,1u,2
K7,GND,R12,470,2
K7,GND,C42,100n,2
K7,GND,J1,Conn_02x05_Row_Letter_First,3
K7,GND,J1,Conn_02x05_Row_Letter_First,4
K8,GND,C6,100n,2
K8,GND,C9,100n,2
K8,GND,SW5,SW_Push,1
K8,GND,SW5,SW_Push,1
K8,GND,SW1,SW_Push,1
K8,GND,SW1,SW_Push,1
K8,GND,SW7,SW_Push,1
K8,GND,SW7,SW_Push,1
K8,GND,C10,100n,2
K8,GND,C7,100n,2
K8,GND,SW4,SW_Push,1
K8,GND,SW4,SW_Push,1
K8,GND,SW6,SW_Push,1
K8,GND,SW6,SW_Push,1
K8,GND,SW3,SW_Push,1
K8,GND,SW3,SW_Push,1
K8,GND,C15,100n,2
K8,GND,SW2,SW_Push,1
K8,GND,SW2,SW_Push,1
K8,GND,C39,100n,2
K8,GND,C27,4.7u,2
K8,GND,BZ1,Buzzer,2
K8,GND,J3,Conn_02x05_Row_Letter_First,3
K8,GND,J3,Conn_02x05_Row_Letter_First,4
K8,GND,C24,4u7,2
K8,GND,R7,470,2
K8,GND,C22,4u7,2
K8,GND,R23,10k,2
K8,GND,J5,USB_C_Receptacle_USB2.0,A1
K8,GND,J5,USB_C_Receptacle_USB2.0,A12
K8,GND,J5,USB_C_Receptacle_USB2.0,B1
K8,GND,J5,USB_C_Receptacle_USB2.0,B12
K8,GND,J5,USB_C_Receptacle_USB2.0,S1
K8,GND,J5,USB_C_Receptacle_USB2.0,S1
K8,GND,J5,USB_C_Receptacle_USB2.0,S1
K8,GND,J5,USB_C_Receptacle_USB2.0,S1
K8,GND,R4,470,2
K8,GND,U5,BQ24075,4
K8,GND,U5,BQ24075,5
K8,GND,U5,BQ24075,8
K8,GND,U5,BQ24075,15
K8,GND,U5,BQ24075,17
K8,GND,R2,470,2
K8,GND,J2,Conn_02x05_Row_Letter_First,3
K8,GND,J2,Conn_02x05_Row_Letter_First,4
K8,GND,C31,22pF,1
K8,GND,Y1,12Mhz,2
K8,GND,Y1,12Mhz,4
K8,GND,C28,4.7u,2
K8,GND,R34,1k,2
K8,GND,R39,10K,2
K8,GND,C8,10u,2
K8,GND,C32,100n,2
K8,GND,Q2,Q_NMOS_GSD,2
K8,GND,C21,1u,2
K8,GND,C36,100n,2
K8,GND,C19,4u7,2
K8,GND,U4,GC9A01_IPS_display,1
K8,GND,U4,GC9A01_IPS_display,5
K8,GND,U4,GC9A01_IPS_display,6
K8,GND,U4,GC9A01_IPS_display,12
K8,GND,C11,10u,2
K8,GND,U2,TLV73311PDBV,2
K8,GND,C1,4.7u,2
K8,GND,C43,100n,2
K8,GND,C40,4.7u,2
K8,GND,R38,10K,1
K8,GND,C37,100n,2
K8,GND,AA-1,TestPoint,1
K8,GND,R5,470,2
K8,GND,R24,47k,2
K8,GND,C18,100n,2
K8,GND,U9,W25Q128JVSIM,4
K8,GND,C12,1u,2
K8,GND,C29,4.7u,2
K8,GND,C17,1u,2
K8,GND,C3,4.7u,2
K8,GND,U1,APS6404L-3SQR-SN_C5333729,4
K8,GND,U3,TLV73325PDBV,2
K8,GND,R35,5k1,2
K8,GND,Q1,2N7002,2
K8,GND,R25,1k5,2
K8,GND,C16,10u,2
K8,GND,R26,2k2,2
K8,GND,U10,AMS1117-3.3,1
K8,GND,R43,10K,2
K8,GND,C23,1u,2
K8,GND,J4,JST PH S2B,2
K8,GND,R11,470,2
K8,GND,C35,100n,2
K8,GND,C5,100n,2
K8,GND,C20,4u7,2
K8,GND,U6,W25Q128JVS,4
K8,GND,C44,100n,2
K8,GND,R14,470,2
K8,GND,C13,1u,2
K8,GND,C38,100n,2
K8,GND,C33,100n,2
K8,GND,C41,100n,2
K8,GND,C26,100n,2
K8,GND,C30,22pF,1
K8,GND,C34,100n,2
K8,GND,J6,Conn_02x05_Row_Letter_First,3
K8,GND,J6,Conn_02x05_Row_Letter_First,4
K8,GND,R36,5k1,2
K8,GND,U7,RP2350_60QFN,47
K8,GND,U7,RP2350_60QFN,61
K8,GND,U7,RP2350_60QFN,61
K8,GND,U7,RP2350_60QFN,61
K8,GND,U7,RP2350_60QFN,61
K8,GND,U7,RP2350_60QFN,61
K8,GND,U7,RP2350_60QFN,61
K8,GND,U7,RP2350_60QFN,61
K8,GND,U7,RP2350_60QFN,61
K8,GND,U7,RP2350_60QFN,61
K8,GND,U7,RP2350_60QFN,61
K8,GND,R15,470,2
K8,GND,X1,SiT2001B,1
K8,GND,SW9,SW_Push,2
K8,GND,SW9,SW_Push,2
K8,GND,C25,1u,2
K8,GND,R12,470,2
K8,GND,C42,100n,2
K8,GND,J1,Conn_02x05_Row_Letter_First,3
K8,GND,J1,Conn_02x05_Row_Letter_First,4
K9,GND,C6,100n,2
K9,GND,C9,100n,2
K9,GND,SW5,SW_Push,1
K9,GND,SW5,SW_Push,1
K9,GND,SW1,SW_Push,1
K9,GND,SW1,SW_Push,1
K9,GND,SW7,SW_Push,1
K9,GND,SW7,SW_Push,1
K9,GND,C10,100n,2
K9,GND,C7,100n,2
K9,GND,SW4,SW_Push,1
K9,GND,SW4,SW_Push,1
K9,GND,SW6,SW_Push,1
K9,GND,SW6,SW_Push,1
K9,GND,SW3,SW_Push,1
K9,GND,SW3,SW_Push,1
K9,GND,C15,100n,2
K9,GND,SW2,SW_Push,1
K9,GND,SW2,SW_Push,1
K9,GND,C39,100n,2
K9,GND,C27,4.7u,2
K9,GND,BZ1,Buzzer,2
K9,GND,J3,Conn_02x05_Row_Letter_First,3
K9,GND,J3,Conn_02x05_Row_Letter_First,4
K9,GND,C24,4u7,2
K9,GND,R7,470,2
K9,GND,C22,4u7,2
K9,GND,R23,10k,2
K9,GND,J5,USB_C_Receptacle_USB2.0,A1
K9,GND,J5,USB_C_Receptacle_USB2.0,A12
K9,GND,J5,USB_C_Receptacle_USB2.0,B1
K9,GND,J5,USB_C_Receptacle_USB2.0,B12
K9,GND,J5,USB_C_Receptacle_USB2.0,S1
K9,GND,J5,USB_C_Receptacle_USB2.0,S1
K9,GND,J5,USB_C_Receptacle_USB2.0,S1
K9,GND,J5,USB_C_Receptacle_USB2.0,S1
K9,GND,R4,470,2
K9,GND,U5,BQ24075,4
K9,GND,U5,BQ24075,5
K9,GND,U5,BQ24075,8
K9,GND,U5,BQ24075,15
K9,GND,U5,BQ24075,17
K9,GND,R2,470,2
K9,GND,J2,Conn_02x05_Row_Letter_First,3
K9,GND,J2,Conn_02x05_Row_Letter_First,4
K9,GND,C31,22pF,1
K9,GND,Y1,12Mhz,2
K9,GND,Y1,12Mhz,4
K9,GND,C28,4.7u,2
K9,GND,R34,1k,2
K9,GND,R39,10K,2
K9,GND,C8,10u,2
K9,GND,C32,100n,2
K9,GND,Q2,Q_NMOS_GSD,2
K9,GND,C21,1u,2
K9,GND,C36,100n,2
K9,GND,C19,4u7,2
K9,GND,U4,GC9A01_IPS_display,1
K9,GND,U4,GC9A01_IPS_display,5
K9,GND,U4,GC9A01_IPS_display,6
K9,GND,U4,GC9A01_IPS_display,12
K9,GND,C11,10u,2
K9,GND,U2,TLV73311PDBV,2
K9,GND,C1,4.7u,2
K9,GND,C43,100n,2
K9,GND,C40,4.7u,2
K9,GND,R38,10K,1
K9,GND,C37,100n,2
K9,GND,AA-1,TestPoint,1
K9,GND,R5,470,2
K9,GND,R24,47k,2
K9,GND,C18,100n,2
K9,GND,U9,W25Q128JVSIM,4
K9,GND,C12,1u,2
K9,GND,C29,4.7u,2
K9,GND,C17,1u,2
K9,GND,C3,4.7u,2
K9,GND,U1,APS6404L-3SQR-SN_C5333729,4
K9,GND,U3,TLV73325PDBV,2
K9,GND,R35,5k1,2
K9,GND,Q1,2N7002,2
K9,GND,R25,1k5,2
K9,GND,C16,10u,2
K9,GND,R26,2k2,2
K9,GND,U10,AMS1117-3.3,1
K9,GND,R43,10K,2
K9,GND,C23,1u,2
K9,GND,J4,JST PH S2B,2
K9,GND,R11,470,2
K9,GND,C35,100n,2
K9,GND,C5,100n,2
K9,GND,C20,4u7,2
K9,GND,U6,W25Q128JVS,4
K9,GND,C44,100n,2
K9,GND,R14,470,2
K9,GND,C13,1u,2
K9,GND,C38,100n,2
K9,GND,C33,100n,2
K9,GND,C41,100n,2
K9,GND,C26,100n,2
K9,GND,C30,22pF,1
K9,GND,C34,100n,2
K9,GND,J6,Conn_02x05_Row_Letter_First,3
K9,GND,J6,Conn_02x05_Row_Letter_First,4
K9,GND,R36,5k1,2
K9,GND,U7,RP2350_60QFN,47
K9,GND,U7,RP2350_60QFN,61
K9,GND,U7,RP2350_60QFN,61
K9,GND,U7,RP2350_60QFN,61
K9,GND,U7,RP2350_60QFN,61
K9,GND,U7,RP2350_60QFN,61
K9,GND,U7,RP2350_60QFN,61
K9,GND,U7,RP2350_60QFN,61
K9,GND,U7,RP2350_60QFN,61
K9,GND,U7,RP2350_60QFN,61
K9,GND,U7,RP2350_60QFN,61
K9,GND,R15,470,2
K9,GND,X1,SiT2001B,1
K9,GND,SW9,SW_Push,2
K9,GND,SW9,SW_Push,2
K9,GND,C25,1u,2
K9,GND,R12,470,2
K9,GND,C42,100n,2
K9,GND,J1,Conn_02x05_Row_Letter_First,3
K9,GND,J1,Conn_02x05_Row_Letter_First,4
K10,GND,C6,100n,2
K10,GND,C9,100n,2
K10,GND,SW5,SW_Push,1
K10,GND,SW5,SW_Push,1
K10,GND,SW1,SW_Push,1
K10,GND,SW1,SW_Push,1
K10,GND,SW7,SW_Push,1
K10,GND,SW7,SW_Push,1
K10,GND,C10,100n,2
K10,GND,C7,100n,2
K10,GND,SW4,SW_Push,1
K10,GND,SW4,SW_Push,1
K10,GND,SW6,SW_Push,1
K10,GND,SW6,SW_Push,1
K10,GND,SW3,SW_Push,1
K10,GND,SW3,SW_Push,1
K10,GND,C15,100n,2
K10,GND,SW2,SW_Push,1
K10,GND,SW2,SW_Push,1
K10,GND,C39,100n,2
K10,GND,C27,4.7u,2
K10,GND,BZ1,Buzzer,2
K10,GND,J3,Conn_02x05_Row_Letter_First,3
K10,GND,J3,Conn_02x05_Row_Letter_First,4
K10,GND,C24,4u7,2
K10,GND,R7,470,2
K10,GND,C22,4u7,2
K10,GND,R23,10k,2
K10,GND,J5,USB_C_Receptacle_USB2.0,A1
K10,GND,J5,USB_C_Receptacle_USB2.0,A12
K10,GND,J5,USB_C_Receptacle_USB2.0,B1
K10,GND,J5,USB_C_Receptacle_USB2.0,B12
K10,GND,J5,USB_C_Receptacle_USB2.0,S1
K10,GND,J5,USB_C_Receptacle_USB2.0,S1
K10,GND,J5,USB_C_Receptacle_USB2.0,S1
K10,GND,J5,USB_C_Receptacle_USB2.0,S1
K10,GND,R4,470,2
K10,GND,U5,BQ24075,4
K10,GND,U5,BQ24075,5
K10,GND,U5,BQ24075,8
K10,GND,U5,BQ24075,15
K10,GND,U5,BQ24075,17
K10,GND,R2,470,2
K10,GND,J2,Conn_02x05_Row_Letter_First,3
K10,GND,J2,Conn_02x05_Row_Letter_First,4
K10,GND,C31,22pF,1
K10,GND,Y1,12Mhz,2
K10,GND,Y1,12Mhz,4
K10,GND,C28,4.7u,2
K10,GND,R34,1k,2
K10,GND,R39,10K,2
K10,GND,C8,10u,2
K10,GND,C32,100n,2
K10,GND,Q2,Q_NMOS_GSD,2
K10,GND,C21,1u,2
K10,GND,C36,100n,2
K10,GND,C19,4u7,2
K10,GND,U4,GC9A01_IPS_display,1
K10,GND,U4,GC9A01_IPS_display,5
K10,GND,U4,GC9A01_IPS_display,6
K10,GND,U4,GC9A01_IPS_display,12
K10,GND,C11,10u,2
K10,GND,U2,TLV73311PDBV,2
K10,GND,C1,4.7u,2
K10,GND,C43,100n,2
K10,GND,C40,4.7u,2
K10,GND,R38,10K,1
K10,GND,C37,100n,2
K10,GND,AA-1,TestPoint,1
K10,GND,R5,470,2
K10,GND,R24,47k,2
K10,GND,C18,100n,2
K10,GND,U9,W25Q128JVSIM,4
K10,GND,C12,1u,2
K10,GND,C29,4.7u,2
K10,GND,C17,1u,2
K10,GND,C3,4.7u,2
K10,GND,U1,APS6404L-3SQR-SN_C5333729,4
K10,GND,U3,TLV73325PDBV,2
K10,GND,R35,5k1,2
K10,GND,Q1,2N7002,2
K10,GND,R25,1k5,2
K10,GND,C16,10u,2
K10,GND,R26,2k2,2
K10,GND,U10,AMS1117-3.3,1
K10,GND,R43,10K,2
K10,GND,C23,1u,2
K10,GND,J4,JST PH S2B,2
K10,GND,R11,470,2
K10,GND,C35,100n,2
K10,GND,C5,100n,2
K10,GND,C20,4u7,2
K10,GND,U6,W25Q128JVS,4
K10,GND,C44,100n,2
K10,GND,R14,470,2
K10,GND,C13,1u,2
K10,GND,C38,100n,2
K10,GND,C33,100n,2
K10,GND,C41,100n,2
K10,GND,C26,100n,2
K10,GND,C30,22pF,1
K10,GND,C34,100n,2
K10,GND,J6,Conn_02x05_Row_Letter_First,3
K10,GND,J6,Conn_02x05_Row_Letter_First,4
K10,GND,R36,5k1,2
K10,GND,U7,RP2350_60QFN,47
K10,GND,U7,RP2350_60QFN,61
K10,GND,U7,RP2350_60QFN,61
K10,GND,U7,RP2350_60QFN,61
K10,GND,U7,RP2350_60QFN,61
K10,GND,U7,RP2350_60QFN,61
K10,GND,U7,RP2350_60QFN,61
K10,GND,U7,RP2350_60QFN,61
K10,GND,U7,RP2350_60QFN,61
K10,GND,U7,RP2350_60QFN,61
K10,GND,U7,RP2350_60QFN,61
K10,GND,R15,470,2
K10,GND,X1,SiT2001B,1
K10,GND,SW9,SW_Push,2
K10,GND,SW9,SW_Push,2
K10,GND,C25,1u,2
K10,GND,R12,470,2
K10,GND,C42,100n,2
K10,GND,J1,Conn_02x05_Row_Letter_First,3
K10,GND,J1,Conn_02x05_Row_Letter_First,4
K11,+3V3,C9,100n,1
K11,+3V3,C10,100n,1
K11,+3V3,R8,10k,1
K11,+3V3,R6,10k,1
K11,+3V3,R21,22,1
K11,+3V3,R45,10K,2
K11,+3V3,J3,Conn_02x05_Row_Letter_First,1
K11,+3V3,J3,Conn_02x05_Row_Letter_First,2
K11,+3V3,R42,10K,2
K11,+3V3,R44,10K,2
K11,+3V3,J2,Conn_02x05_Row_Letter_First,1
K11,+3V3,J2,Conn_02x05_Row_Letter_First,2
K11,+3V3,R16,10k,2
K11,+3V3,R46,10K,2
K11,+3V3,C28,4.7u,1
K11,+3V3,JP7,SolderJumper_2_Bridged,2
K11,+3V3,C32,100n,1
K11,+3V3,C36,100n,1
K11,+3V3,U4,GC9A01_IPS_display,4
K11,+3V3,C11,10u,1
K11,+3V3,R10,10k,1
K11,+3V3,D11,LED,2
K11,+3V3,C37,100n,1
K11,+3V3,C18,100n,1
K11,+3V3,R40,10K,2
K11,+3V3,U9,W25Q128JVSIM,8
K11,+3V3,U1,APS6404L-3SQR-SN_C5333729,8
K11,+3V3,C35,100n,1
K11,+3V3,R1,10k,1
K11,+3V3,U6,W25Q128JVS,8
K11,+3V3,C44,100n,1
K11,+3V3,R27,33,1
K11,+3V3,JP9,SolderJumper_3_Bridged12,3
K11,+3V3,R3,10k,1
K11,+3V3,C38,100n,1
K11,+3V3,C33,100n,1
K11,+3V3,R41,10K,2
K11,+3V3,R13,10k,1
K11,+3V3,C26,100n,1
K11,+3V3,C34,100n,1
K11,+3V3,J6,Conn_02x05_Row_Letter_First,1
K11,+3V3,J6,Conn_02x05_Row_Letter_First,2
K11,+3V3,U7,RP2350_60QFN,1
K11,+3V3,U7,RP2350_60QFN,11
K11,+3V3,U7,RP2350_60QFN,20
K11,+3V3,U7,RP2350_60QFN,30
K11,+3V3,U7,RP2350_60QFN,38
K11,+3V3,U7,RP2350_60QFN,44
K11,+3V3,U7,RP2350_60QFN,45
K11,+3V3,U7,RP2350_60QFN,49
K11,+3V3,U7,RP2350_60QFN,53
K11,+3V3,U7,RP2350_60QFN,54
K11,+3V3,R9,10k,1
K11,+3V3,R22,10k,2
K11,+3V3,C42,100n,1
K11,+3V3,J1,Conn_02x05_Row_Letter_First,1
K11,+3V3,J1,Conn_02x05_Row_Letter_First,2
K12,unconnected-(U8E-PR29B{slash}-{slash}HS{slash}RDQ32-PadK12),,,
K13,unconnected-(U8E-PR29A{slash}+{slash}GR_PCLK3_0{slash}HS{slash}RDQ32-PadK13),,,
K14,unconnected-(U8D-PR20D{slash}-{slash}RDQ20-PadK14),,,
K15,unconnected-(U8D-PR23D{slash}-{slash}PCLKC2_0{slash}RDQ20-PadK15),,,
K16,unconnected-(U8D-PR23C{slash}+{slash}PCLKT2_0{slash}RDQ20-PadK16),,,
L1,unconnected-(U8F-PL26A{slash}+{slash}PCLKT6_1{slash}HS{slash}LDQ32-PadL1),,,
L2,unconnected-(U8F-PL26B{slash}-{slash}PCLKC6_1{slash}HS{slash}LDQ32-PadL2),,,
L3,unconnected-(U8F-PL32C{slash}+{slash}LDQ32-PadL3),,,
L4,unconnected-(U8F-PL29C{slash}+{slash}GR_PCLK6_1{slash}LDQ32-PadL4),,,
L5,unconnected-(U8F-PL29D{slash}-{slash}LDQ32-PadL5),,,
L6,+3V3,C9,100n,1
L6,+3V3,C10,100n,1
L6,+3V3,R8,10k,1
L6,+3V3,R6,10k,1
L6,+3V3,R21,22,1
L6,+3V3,R45,10K,2
L6,+3V3,J3,Conn_02x05_Row_Letter_First,1
L6,+3V3,J3,Conn_02x05_Row_Letter_First,2
L6,+3V3,R42,10K,2
L6,+3V3,R44,10K,2
L6,+3V3,J2,Conn_02x05_Row_Letter_First,1
L6,+3V3,J2,Conn_02x05_Row_Letter_First,2
L6,+3V3,R16,10k,2
L6,+3V3,R46,10K,2
L6,+3V3,C28,4.7u,1
L6,+3V3,JP7,SolderJumper_2_Bridged,2
L6,+3V3,C32,100n,1
L6,+3V3,C36,100n,1
L6,+3V3,U4,GC9A01_IPS_display,4
L6,+3V3,C11,10u,1
L6,+3V3,R10,10k,1
L6,+3V3,D11,LED,2
L6,+3V3,C37,100n,1
L6,+3V3,C18,100n,1
L6,+3V3,R40,10K,2
L6,+3V3,U9,W25Q128JVSIM,8
L6,+3V3,U1,APS6404L-3SQR-SN_C5333729,8
L6,+3V3,C35,100n,1
L6,+3V3,R1,10k,1
L6,+3V3,U6,W25Q128JVS,8
L6,+3V3,C44,100n,1
L6,+3V3,R27,33,1
L6,+3V3,JP9,SolderJumper_3_Bridged12,3
L6,+3V3,R3,10k,1
L6,+3V3,C38,100n,1
L6,+3V3,C33,100n,1
L6,+3V3,R41,10K,2
L6,+3V3,R13,10k,1
L6,+3V3,C26,100n,1
L6,+3V3,C34,100n,1
L6,+3V3,J6,Conn_02x05_Row_Letter_First,1
L6,+3V3,J6,Conn_02x05_Row_Letter_First,2
L6,+3V3,U7,RP2350_60QFN,1
L6,+3V3,U7,RP2350_60QFN,11
L6,+3V3,U7,RP2350_60QFN,20
L6,+3V3,U7,RP2350_60QFN,30
L6,+3V3,U7,RP2350_60QFN,38
L6,+3V3,U7,RP2350_60QFN,44
L6,+3V3,U7,RP2350_60QFN,45
L6,+3V3,U7,RP2350_60QFN,49
L6,+3V3,U7,RP2350_60QFN,53
L6,+3V3,U7,RP2350_60QFN,54
L6,+3V3,R9,10k,1
L6,+3V3,R22,10k,2
L6,+3V3,C42,100n,1
L6,+3V3,J1,Conn_02x05_Row_Letter_First,1
L6,+3V3,J1,Conn_02x05_Row_Letter_First,2
L7,+F2V5,C15,100n,1
L7,+F2V5,JP8,SolderJumper_2_Bridged,1
L7,+F2V5,JP8,SolderJumper_2_Bridged,2
L7,+F2V5,U3,TLV73325PDBV,5
L7,+F2V5,C16,10u,1
L7,+F2V5,C13,1u,1
L7,+F2V5,JP9,SolderJumper_3_Bridged12,1
L8,+F1V1,C6,100n,1
L8,+F1V1,C7,100n,1
L8,+F1V1,JP6,SolderJumper_2_Bridged,2
L8,+F1V1,C8,10u,1
L8,+F1V1,C5,100n,1
L9,+F1V1,C6,100n,1
L9,+F1V1,C7,100n,1
L9,+F1V1,JP6,SolderJumper_2_Bridged,2
L9,+F1V1,C8,10u,1
L9,+F1V1,C5,100n,1
L10,+F1V1,C6,100n,1
L10,+F1V1,C7,100n,1
L10,+F1V1,JP6,SolderJumper_2_Bridged,2
L10,+F1V1,C8,10u,1
L10,+F1V1,C5,100n,1
L11,+3V3,C9,100n,1
L11,+3V3,C10,100n,1
L11,+3V3,R8,10k,1
L11,+3V3,R6,10k,1
L11,+3V3,R21,22,1
L11,+3V3,R45,10K,2
L11,+3V3,J3,Conn_02x05_Row_Letter_First,1
L11,+3V3,J3,Conn_02x05_Row_Letter_First,2
L11,+3V3,R42,10K,2
L11,+3V3,R44,10K,2
L11,+3V3,J2,Conn_02x05_Row_Letter_First,1
L11,+3V3,J2,Conn_02x05_Row_Letter_First,2
L11,+3V3,R16,10k,2
L11,+3V3,R46,10K,2
L11,+3V3,C28,4.7u,1
L11,+3V3,JP7,SolderJumper_2_Bridged,2
L11,+3V3,C32,100n,1
L11,+3V3,C36,100n,1
L11,+3V3,U4,GC9A01_IPS_display,4
L11,+3V3,C11,10u,1
L11,+3V3,R10,10k,1
L11,+3V3,D11,LED,2
L11,+3V3,C37,100n,1
L11,+3V3,C18,100n,1
L11,+3V3,R40,10K,2
L11,+3V3,U9,W25Q128JVSIM,8
L11,+3V3,U1,APS6404L-3SQR-SN_C5333729,8
L11,+3V3,C35,100n,1
L11,+3V3,R1,10k,1
L11,+3V3,U6,W25Q128JVS,8
L11,+3V3,C44,100n,1
L11,+3V3,R27,33,1
L11,+3V3,JP9,SolderJumper_3_Bridged12,3
L11,+3V3,R3,10k,1
L11,+3V3,C38,100n,1
L11,+3V3,C33,100n,1
L11,+3V3,R41,10K,2
L11,+3V3,R13,10k,1
L11,+3V3,C26,100n,1
L11,+3V3,C34,100n,1
L11,+3V3,J6,Conn_02x05_Row_Letter_First,1
L11,+3V3,J6,Conn_02x05_Row_Letter_First,2
L11,+3V3,U7,RP2350_60QFN,1
L11,+3V3,U7,RP2350_60QFN,11
L11,+3V3,U7,RP2350_60QFN,20
L11,+3V3,U7,RP2350_60QFN,30
L11,+3V3,U7,RP2350_60QFN,38
L11,+3V3,U7,RP2350_60QFN,44
L11,+3V3,U7,RP2350_60QFN,45
L11,+3V3,U7,RP2350_60QFN,49
L11,+3V3,U7,RP2350_60QFN,53
L11,+3V3,U7,RP2350_60QFN,54
L11,+3V3,R9,10k,1
L11,+3V3,R22,10k,2
L11,+3V3,C42,100n,1
L11,+3V3,J1,Conn_02x05_Row_Letter_First,1
L11,+3V3,J1,Conn_02x05_Row_Letter_First,2
L12,unconnected-(U8E-PR29D{slash}-{slash}RDQ32-PadL12),,,
L13,unconnected-(U8E-PR29C{slash}+{slash}GR_PCLK3_1{slash}RDQ32-PadL13),,,
L14,unconnected-(U8E-PR32C{slash}+{slash}RDQ32-PadL14),,,
L15,unconnected-(U8E-PR26B{slash}-{slash}PCLKC3_1{slash}HS{slash}RDQ32-PadL15),,,
L16,unconnected-(U8E-PR26A{slash}+{slash}PCLKT3_1{slash}HS{slash}RDQ32-PadL16),,,
M1,unconnected-(U8F-PL26C{slash}+{slash}PCLKT6_0{slash}LDQ32-PadM1),,,
M2,unconnected-(U8F-PL26D{slash}-{slash}PCLKC6_0{slash}LDQ32-PadM2),,,
M3,unconnected-(U8F-PL32D{slash}-{slash}LDQ32-PadM3),,,
M4,unconnected-(U8F-PL35C{slash}+{slash}LDQ32-PadM4),,,
M5,unconnected-(U8F-PL44C{slash}+{slash}LDQ44-PadM5),,,
M6,unconnected-(U8F-PL47A{slash}+{slash}HS{slash}LDQ44-PadM6),,,
M7,sd_io2,R44,10K,1
M7,sd_io2,U9,W25Q128JVSIM,3
M8,unconnected-(U8H-PB15B{slash}-{slash}DOUT{slash}CSON-PadM8),,,
M9,unconnected-(U8H-PB18A{slash}WRITEN-PadM9),,,
M10,fpga_tdo,JP1,SolderJumper_2_Bridged,1
M11,unconnected-(U8E-PR47A{slash}+{slash}HS{slash}RDQ44-PadM11),,,
M12,unconnected-(U8E-PR44C{slash}+{slash}RDQ44-PadM12),,,
M13,unconnected-(U8E-PR35C{slash}+{slash}RDQ32-PadM13),,,
M14,unconnected-(U8E-PR32D{slash}-{slash}RDQ32-PadM14),,,
M15,unconnected-(U8E-PR26D{slash}-{slash}PCLKC3_0{slash}RDQ32-PadM15),,,
M16,unconnected-(U8E-PR26C{slash}+{slash}PCLKT3_0{slash}RDQ32-PadM16),,,
N1,unconnected-(U8F-PL32A{slash}+{slash}HS{slash}LDQS32-PadN1),,,
N2,GND,C6,100n,2
N2,GND,C9,100n,2
N2,GND,SW5,SW_Push,1
N2,GND,SW5,SW_Push,1
N2,GND,SW1,SW_Push,1
N2,GND,SW1,SW_Push,1
N2,GND,SW7,SW_Push,1
N2,GND,SW7,SW_Push,1
N2,GND,C10,100n,2
N2,GND,C7,100n,2
N2,GND,SW4,SW_Push,1
N2,GND,SW4,SW_Push,1
N2,GND,SW6,SW_Push,1
N2,GND,SW6,SW_Push,1
N2,GND,SW3,SW_Push,1
N2,GND,SW3,SW_Push,1
N2,GND,C15,100n,2
N2,GND,SW2,SW_Push,1
N2,GND,SW2,SW_Push,1
N2,GND,C39,100n,2
N2,GND,C27,4.7u,2
N2,GND,BZ1,Buzzer,2
N2,GND,J3,Conn_02x05_Row_Letter_First,3
N2,GND,J3,Conn_02x05_Row_Letter_First,4
N2,GND,C24,4u7,2
N2,GND,R7,470,2
N2,GND,C22,4u7,2
N2,GND,R23,10k,2
N2,GND,J5,USB_C_Receptacle_USB2.0,A1
N2,GND,J5,USB_C_Receptacle_USB2.0,A12
N2,GND,J5,USB_C_Receptacle_USB2.0,B1
N2,GND,J5,USB_C_Receptacle_USB2.0,B12
N2,GND,J5,USB_C_Receptacle_USB2.0,S1
N2,GND,J5,USB_C_Receptacle_USB2.0,S1
N2,GND,J5,USB_C_Receptacle_USB2.0,S1
N2,GND,J5,USB_C_Receptacle_USB2.0,S1
N2,GND,R4,470,2
N2,GND,U5,BQ24075,4
N2,GND,U5,BQ24075,5
N2,GND,U5,BQ24075,8
N2,GND,U5,BQ24075,15
N2,GND,U5,BQ24075,17
N2,GND,R2,470,2
N2,GND,J2,Conn_02x05_Row_Letter_First,3
N2,GND,J2,Conn_02x05_Row_Letter_First,4
N2,GND,C31,22pF,1
N2,GND,Y1,12Mhz,2
N2,GND,Y1,12Mhz,4
N2,GND,C28,4.7u,2
N2,GND,R34,1k,2
N2,GND,R39,10K,2
N2,GND,C8,10u,2
N2,GND,C32,100n,2
N2,GND,Q2,Q_NMOS_GSD,2
N2,GND,C21,1u,2
N2,GND,C36,100n,2
N2,GND,C19,4u7,2
N2,GND,U4,GC9A01_IPS_display,1
N2,GND,U4,GC9A01_IPS_display,5
N2,GND,U4,GC9A01_IPS_display,6
N2,GND,U4,GC9A01_IPS_display,12
N2,GND,C11,10u,2
N2,GND,U2,TLV73311PDBV,2
N2,GND,C1,4.7u,2
N2,GND,C43,100n,2
N2,GND,C40,4.7u,2
N2,GND,R38,10K,1
N2,GND,C37,100n,2
N2,GND,AA-1,TestPoint,1
N2,GND,R5,470,2
N2,GND,R24,47k,2
N2,GND,C18,100n,2
N2,GND,U9,W25Q128JVSIM,4
N2,GND,C12,1u,2
N2,GND,C29,4.7u,2
N2,GND,C17,1u,2
N2,GND,C3,4.7u,2
N2,GND,U1,APS6404L-3SQR-SN_C5333729,4
N2,GND,U3,TLV73325PDBV,2
N2,GND,R35,5k1,2
N2,GND,Q1,2N7002,2
N2,GND,R25,1k5,2
N2,GND,C16,10u,2
N2,GND,R26,2k2,2
N2,GND,U10,AMS1117-3.3,1
N2,GND,R43,10K,2
N2,GND,C23,1u,2
N2,GND,J4,JST PH S2B,2
N2,GND,R11,470,2
N2,GND,C35,100n,2
N2,GND,C5,100n,2
N2,GND,C20,4u7,2
N2,GND,U6,W25Q128JVS,4
N2,GND,C44,100n,2
N2,GND,R14,470,2
N2,GND,C13,1u,2
N2,GND,C38,100n,2
N2,GND,C33,100n,2
N2,GND,C41,100n,2
N2,GND,C26,100n,2
N2,GND,C30,22pF,1
N2,GND,C34,100n,2
N2,GND,J6,Conn_02x05_Row_Letter_First,3
N2,GND,J6,Conn_02x05_Row_Letter_First,4
N2,GND,R36,5k1,2
N2,GND,U7,RP2350_60QFN,47
N2,GND,U7,RP2350_60QFN,61
N2,GND,U7,RP2350_60QFN,61
N2,GND,U7,RP2350_60QFN,61
N2,GND,U7,RP2350_60QFN,61
N2,GND,U7,RP2350_60QFN,61
N2,GND,U7,RP2350_60QFN,61
N2,GND,U7,RP2350_60QFN,61
N2,GND,U7,RP2350_60QFN,61
N2,GND,U7,RP2350_60QFN,61
N2,GND,U7,RP2350_60QFN,61
N2,GND,R15,470,2
N2,GND,X1,SiT2001B,1
N2,GND,SW9,SW_Push,2
N2,GND,SW9,SW_Push,2
N2,GND,C25,1u,2
N2,GND,R12,470,2
N2,GND,C42,100n,2
N2,GND,J1,Conn_02x05_Row_Letter_First,3
N2,GND,J1,Conn_02x05_Row_Letter_First,4
N3,unconnected-(U8F-PL35D{slash}-{slash}LDQ32-PadN3),,,
N4,unconnected-(U8F-PL38A{slash}+{slash}HS{slash}LDQ44-PadN4),,,
N5,unconnected-(U8F-PL44D{slash}-{slash}LDQ44-PadN5),,,
N6,unconnected-(U8F-PL47B{slash}-{slash}HS{slash}LDQ44-PadN6),,,
N7,sd_io3,R42,10K,1
N7,sd_io3,U9,W25Q128JVSIM,7
N8,sd_cs,R45,10K,1
N8,sd_cs,U9,W25Q128JVSIM,1
N9,sd_clk,R40,10K,1
N9,sd_clk,U9,W25Q128JVSIM,6
N10,/ECP5_25K_FPGA/cfg_0,R39,10K,1
N11,unconnected-(U8E-PR47B{slash}-{slash}HS{slash}RDQ44-PadN11),,,
N12,unconnected-(U8E-PR44D{slash}-{slash}RDQ44-PadN12),,,
N13,unconnected-(U8E-PR38A{slash}+{slash}HS{slash}RDQ44-PadN13),,,
N14,unconnected-(U8E-PR35D{slash}-{slash}RDQ32-PadN14),,,
N15,GND,C6,100n,2
N15,GND,C9,100n,2
N15,GND,SW5,SW_Push,1
N15,GND,SW5,SW_Push,1
N15,GND,SW1,SW_Push,1
N15,GND,SW1,SW_Push,1
N15,GND,SW7,SW_Push,1
N15,GND,SW7,SW_Push,1
N15,GND,C10,100n,2
N15,GND,C7,100n,2
N15,GND,SW4,SW_Push,1
N15,GND,SW4,SW_Push,1
N15,GND,SW6,SW_Push,1
N15,GND,SW6,SW_Push,1
N15,GND,SW3,SW_Push,1
N15,GND,SW3,SW_Push,1
N15,GND,C15,100n,2
N15,GND,SW2,SW_Push,1
N15,GND,SW2,SW_Push,1
N15,GND,C39,100n,2
N15,GND,C27,4.7u,2
N15,GND,BZ1,Buzzer,2
N15,GND,J3,Conn_02x05_Row_Letter_First,3
N15,GND,J3,Conn_02x05_Row_Letter_First,4
N15,GND,C24,4u7,2
N15,GND,R7,470,2
N15,GND,C22,4u7,2
N15,GND,R23,10k,2
N15,GND,J5,USB_C_Receptacle_USB2.0,A1
N15,GND,J5,USB_C_Receptacle_USB2.0,A12
N15,GND,J5,USB_C_Receptacle_USB2.0,B1
N15,GND,J5,USB_C_Receptacle_USB2.0,B12
N15,GND,J5,USB_C_Receptacle_USB2.0,S1
N15,GND,J5,USB_C_Receptacle_USB2.0,S1
N15,GND,J5,USB_C_Receptacle_USB2.0,S1
N15,GND,J5,USB_C_Receptacle_USB2.0,S1
N15,GND,R4,470,2
N15,GND,U5,BQ24075,4
N15,GND,U5,BQ24075,5
N15,GND,U5,BQ24075,8
N15,GND,U5,BQ24075,15
N15,GND,U5,BQ24075,17
N15,GND,R2,470,2
N15,GND,J2,Conn_02x05_Row_Letter_First,3
N15,GND,J2,Conn_02x05_Row_Letter_First,4
N15,GND,C31,22pF,1
N15,GND,Y1,12Mhz,2
N15,GND,Y1,12Mhz,4
N15,GND,C28,4.7u,2
N15,GND,R34,1k,2
N15,GND,R39,10K,2
N15,GND,C8,10u,2
N15,GND,C32,100n,2
N15,GND,Q2,Q_NMOS_GSD,2
N15,GND,C21,1u,2
N15,GND,C36,100n,2
N15,GND,C19,4u7,2
N15,GND,U4,GC9A01_IPS_display,1
N15,GND,U4,GC9A01_IPS_display,5
N15,GND,U4,GC9A01_IPS_display,6
N15,GND,U4,GC9A01_IPS_display,12
N15,GND,C11,10u,2
N15,GND,U2,TLV73311PDBV,2
N15,GND,C1,4.7u,2
N15,GND,C43,100n,2
N15,GND,C40,4.7u,2
N15,GND,R38,10K,1
N15,GND,C37,100n,2
N15,GND,AA-1,TestPoint,1
N15,GND,R5,470,2
N15,GND,R24,47k,2
N15,GND,C18,100n,2
N15,GND,U9,W25Q128JVSIM,4
N15,GND,C12,1u,2
N15,GND,C29,4.7u,2
N15,GND,C17,1u,2
N15,GND,C3,4.7u,2
N15,GND,U1,APS6404L-3SQR-SN_C5333729,4
N15,GND,U3,TLV73325PDBV,2
N15,GND,R35,5k1,2
N15,GND,Q1,2N7002,2
N15,GND,R25,1k5,2
N15,GND,C16,10u,2
N15,GND,R26,2k2,2
N15,GND,U10,AMS1117-3.3,1
N15,GND,R43,10K,2
N15,GND,C23,1u,2
N15,GND,J4,JST PH S2B,2
N15,GND,R11,470,2
N15,GND,C35,100n,2
N15,GND,C5,100n,2
N15,GND,C20,4u7,2
N15,GND,U6,W25Q128JVS,4
N15,GND,C44,100n,2
N15,GND,R14,470,2
N15,GND,C13,1u,2
N15,GND,C38,100n,2
N15,GND,C33,100n,2
N15,GND,C41,100n,2
N15,GND,C26,100n,2
N15,GND,C30,22pF,1
N15,GND,C34,100n,2
N15,GND,J6,Conn_02x05_Row_Letter_First,3
N15,GND,J6,Conn_02x05_Row_Letter_First,4
N15,GND,R36,5k1,2
N15,GND,U7,RP2350_60QFN,47
N15,GND,U7,RP2350_60QFN,61
N15,GND,U7,RP2350_60QFN,61
N15,GND,U7,RP2350_60QFN,61
N15,GND,U7,RP2350_60QFN,61
N15,GND,U7,RP2350_60QFN,61
N15,GND,U7,RP2350_60QFN,61
N15,GND,U7,RP2350_60QFN,61
N15,GND,U7,RP2350_60QFN,61
N15,GND,U7,RP2350_60QFN,61
N15,GND,U7,RP2350_60QFN,61
N15,GND,R15,470,2
N15,GND,X1,SiT2001B,1
N15,GND,SW9,SW_Push,2
N15,GND,SW9,SW_Push,2
N15,GND,C25,1u,2
N15,GND,R12,470,2
N15,GND,C42,100n,2
N15,GND,J1,Conn_02x05_Row_Letter_First,3
N15,GND,J1,Conn_02x05_Row_Letter_First,4
N16,unconnected-(U8E-PR32A{slash}+{slash}HS{slash}RDQS32-PadN16),,,
P1,unconnected-(U8F-PL35A{slash}+{slash}HS{slash}LDQ32-PadP1),,,
P2,unconnected-(U8F-PL32B{slash}-{slash}HS{slash}LDQSN32-PadP2),,,
P3,unconnected-(U8F-PL38B{slash}-{slash}HS{slash}LDQ44-PadP3),,,
P4,unconnected-(U8F-PL41A{slash}+{slash}HS{slash}LDQ44-PadP4),,,
P5,unconnected-(U8F-PL47D{slash}-{slash}LLC_GPLL0C_IN{slash}LDQ44-PadP5),,,
P6,unconnected-(U8F-PL47C{slash}+{slash}LLC_GPLL0T_IN{slash}LDQ44-PadP6),,,
P7,unconnected-(U8H-PB6B{slash}-{slash}D4{slash}MOSI2{slash}IO4-PadP7),,,
P8,unconnected-(U8H-PB13B{slash}-{slash}CS1N-PadP8),,,
P9,cdone,Q2,Q_NMOS_GSD,1
P10,/ECP5_25K_FPGA/cfg_1,R41,10K,1
P11,unconnected-(U8E-PR47C{slash}+{slash}LRC_GPLL0T_IN{slash}RDQ44-PadP11),,,
P12,unconnected-(U8E-PR47D{slash}-{slash}LRC_GPLL0C_IN{slash}RDQ44-PadP12),,,
P13,unconnected-(U8E-PR41A{slash}+{slash}HS{slash}RDQ44-PadP13),,,
P14,unconnected-(U8E-PR38B{slash}-{slash}HS{slash}RDQ44-PadP14),,,
P15,unconnected-(U8E-PR32B{slash}-{slash}HS{slash}RDQSN32-PadP15),,,
P16,unconnected-(U8E-PR35A{slash}+{slash}HS{slash}RDQ32-PadP16),,,
R1,unconnected-(U8F-PL35B{slash}-{slash}VREF1_6{slash}HS{slash}LDQ32-PadR1),,,
R2,unconnected-(U8F-PL38C{slash}+{slash}LDQ44-PadR2),,,
R3,unconnected-(U8F-PL41B{slash}-{slash}HS{slash}LDQ44-PadR3),,,
R4,unconnected-(U8F-PL41C{slash}+{slash}LDQ44-PadR4),,,
R5,unconnected-(U8F-PL44A{slash}+{slash}HS{slash}LDQS44-PadR5),,,
R6,unconnected-(U8H-PB4B{slash}-{slash}D6{slash}IO6-PadR6),,,
R7,unconnected-(U8H-PB6A{slash}+{slash}D5{slash}MISO2{slash}IO5-PadR7),,,
R8,unconnected-(U8H-PB13A{slash}+{slash}SN{slash}CSN-PadR8),,,
R9,creset,R46,10K,1
R9,creset,JP5,SolderJumper_2_Bridged,1
R10,/ECP5_25K_FPGA/cfg_2,R43,10K,1
R11,fpga_tdi,JP3,SolderJumper_2_Bridged,1
R12,R12,,,
R13,R13,,,
R14,R14,,,
R15,R15,,,
R16,R16,,,
