annotated_name,direction,package_site,decomp_port,io_type,tile,pio
CIB_R1C24_CIB_JD7,output,,CIB_R1C24_CIB_JD7,,,
CIB_R1C25_CIB_JD7,output,,CIB_R1C25_CIB_JD7,,,
CIB_R1C39_CIB_JD7,output,,CIB_R1C39_CIB_JD7,,,
G_HPBX0000,input,,G_HPBX0000,,,
G_HPBX0100,input,,G_HPBX0100,,,
G_HPBX0200,input,,G_HPBX0200,,,
G_HPBX0300,input,,G_HPBX0300,,,
MIB_R11C72_PICR0_JPADDID_PIO,input,,MIB_R11C72_PICR0_JPADDID_PIO,,,
MIB_R2C0_PICL0_JTXDATA0C_IOLOGIC,output,,MIB_R2C0_PICL0_JTXDATA0C_IOLOGIC,,,
MIB_R2C0_PICL0_JTXDATA4C_IOLOGIC,output,,MIB_R2C0_PICL0_JTXDATA4C_IOLOGIC,,,
MIB_R2C72_PICR0_JDIA,input,,MIB_R2C72_PICR0_JDIA,,,
MIB_R2C72_PICR0_JDIB,input,,MIB_R2C72_PICR0_JDIB,,,
MIB_R2C72_PICR0_JTXDATA0A_IOLOGIC,output,,MIB_R2C72_PICR0_JTXDATA0A_IOLOGIC,,,
MIB_R2C72_PICR0_JTXDATA4A_IOLOGIC,output,,MIB_R2C72_PICR0_JTXDATA4A_IOLOGIC,,,
MIB_R50C15_PICB0_JDIA,input,,MIB_R50C15_PICB0_JDIA,,,
MIB_R5C72_PICR0_JDIA,input,,MIB_R5C72_PICR0_JDIA,,,
MIB_R5C72_PICR0_JDIB,input,,MIB_R5C72_PICR0_JDIB,,,
MIB_R5C72_PICR0_JTXDATA0A_IOLOGIC,output,,MIB_R5C72_PICR0_JTXDATA0A_IOLOGIC,,,
MIB_R5C72_PICR0_PADDOB_PIO,output,,MIB_R5C72_PICR0_PADDOB_PIO,,,
MIB_R8C72_PICR0_DQS2_JDIA,input,,MIB_R8C72_PICR0_DQS2_JDIA,,,
MIB_R8C72_PICR0_DQS2_JDIB,input,,MIB_R8C72_PICR0_DQS2_JDIB,,,
pad_A11_JTSDATA0A_SIOLOGIC,output,A11,MIB_R0C53_PIOT0_JTSDATA0A_SIOLOGIC,LVCMOS25,MIB_R0C53,PIOA
pad_A11_JTXDATA0A_SIOLOGIC,output,A11,MIB_R0C53_PIOT0_JTXDATA0A_SIOLOGIC,LVCMOS25,MIB_R0C53,PIOA
pad_A11_PADDOB_PIO,output,A11,MIB_R0C53_PIOT0_PADDOB_PIO,LVCMOS25,MIB_R0C53,PIOA
pad_A11_PADDTB_PIO,output,A11,MIB_R0C53_PIOT0_PADDTB_PIO,LVCMOS25,MIB_R0C53,PIOA
pad_A13_JTSDATA0A_SIOLOGIC,output,A13,MIB_R0C65_PIOT0_JTSDATA0A_SIOLOGIC,LVCMOS25,MIB_R0C65,PIOA
pad_A13_JTXDATA0A_SIOLOGIC,output,A13,MIB_R0C65_PIOT0_JTXDATA0A_SIOLOGIC,LVCMOS25,MIB_R0C65,PIOA
pad_A13_JTXDATA0B_SIOLOGIC,output,A13,MIB_R0C65_PIOT0_JTXDATA0B_SIOLOGIC,LVCMOS25,MIB_R0C65,PIOA
pad_A13_PADDTB_PIO,output,A13,MIB_R0C65_PIOT0_PADDTB_PIO,LVCMOS25,MIB_R0C65,PIOA
pad_A3_JPADDIA_PIO,input,A3,MIB_R0C6_PIOT0_JPADDIA_PIO,LVCMOS25,MIB_R0C6,PIOA
pad_A3_JTSDATA0B_SIOLOGIC,output,A3,MIB_R0C6_PIOT0_JTSDATA0B_SIOLOGIC,LVCMOS25,MIB_R0C6,PIOA
pad_A3_PADDOA_PIO,output,A3,MIB_R0C6_PIOT0_PADDOA_PIO,LVCMOS25,MIB_R0C6,PIOA
pad_A3_PADDTA_PIO,output,A3,MIB_R0C6_PIOT0_PADDTA_PIO,LVCMOS25,MIB_R0C6,PIOA
pad_A5_JPADDIA_PIO,input,A5,MIB_R0C18_PIOT0_JPADDIA_PIO,LVCMOS25,MIB_R0C18,PIOA
pad_A5_JPADDIB_PIO,input,A5,MIB_R0C18_PIOT0_JPADDIB_PIO,LVCMOS25,MIB_R0C18,PIOA
pad_A7_JPADDIA_PIO,input,A7,MIB_R0C29_PIOT0_JPADDIA_PIO,LVTTL33,MIB_R0C29,PIOA
pad_A7_JPADDIB_PIO,input,A7,MIB_R0C29_PIOT0_JPADDIB_PIO,LVTTL33,MIB_R0C29,PIOA
pad_A7_JTXDATA0B_SIOLOGIC,output,A7,MIB_R0C29_PIOT0_JTXDATA0B_SIOLOGIC,LVTTL33,MIB_R0C29,PIOA
pad_A7_PADDTB_PIO,output,A7,MIB_R0C29_PIOT0_PADDTB_PIO,LVTTL33,MIB_R0C29,PIOA
pad_A9_JPADDIA_PIO,input,A9,MIB_R0C42_PIOT0_JPADDIA_PIO,LVCMOS25,MIB_R0C42,PIOA
pad_A9_JPADDIB_PIO,input,A9,MIB_R0C42_PIOT0_JPADDIB_PIO,LVCMOS25,MIB_R0C42,PIOA
pad_A9_JTXDATA0B_SIOLOGIC,output,A9,MIB_R0C42_PIOT0_JTXDATA0B_SIOLOGIC,LVCMOS25,MIB_R0C42,PIOA
pad_A9_PADDOA_PIO,output,A9,MIB_R0C42_PIOT0_PADDOA_PIO,LVCMOS25,MIB_R0C42,PIOA
pad_A9_PADDTA_PIO,output,A9,MIB_R0C42_PIOT0_PADDTA_PIO,LVCMOS25,MIB_R0C42,PIOA
pad_A9_PADDTB_PIO,output,A9,MIB_R0C42_PIOT0_PADDTB_PIO,LVCMOS25,MIB_R0C42,PIOA
pad_B10_PADDTA_PIO,output,B10,MIB_R0C44_PIOT0_PADDTA_PIO,LVCMOS25,MIB_R0C44,PIOA
pad_B11_JTSDATA0A_SIOLOGIC,output,B11,MIB_R0C49_PIOT0_JTSDATA0A_SIOLOGIC,LVCMOS25,MIB_R0C49,PIOA
pad_B11_PADDOA_PIO,output,B11,MIB_R0C49_PIOT0_PADDOA_PIO,LVCMOS25,MIB_R0C49,PIOA
pad_B12_JTSDATA0A_SIOLOGIC,output,B12,MIB_R0C56_PIOT0_JTSDATA0A_SIOLOGIC,LVCMOS25,MIB_R0C56,PIOA
pad_B12_PADDOA_PIO,output,B12,MIB_R0C56_PIOT0_PADDOA_PIO,LVCMOS25,MIB_R0C56,PIOA
pad_B13_PADDOA_PIO,output,B13,MIB_R0C60_PIOT0_PADDOA_PIO,LVCMOS25,MIB_R0C60,PIOA
pad_B13_PADDTA_PIO,output,B13,MIB_R0C60_PIOT0_PADDTA_PIO,LVCMOS25,MIB_R0C60,PIOA
pad_B14_JPADDIB_PIO,input,B14,MIB_R0C67_PIOT0_JPADDIB_PIO,LVCMOS25,MIB_R0C67,PIOA
pad_B14_JTSDATA0A_SIOLOGIC,output,B14,MIB_R0C67_PIOT0_JTSDATA0A_SIOLOGIC,LVCMOS25,MIB_R0C67,PIOA
pad_B14_JTXDATA0A_SIOLOGIC,output,B14,MIB_R0C67_PIOT0_JTXDATA0A_SIOLOGIC,LVCMOS25,MIB_R0C67,PIOA
pad_B9_PADDTA_PIO,output,B9,MIB_R0C38_PIOT0_PADDTA_PIO,LVCMOS25,MIB_R0C38,PIOA
pad_C4_JTXDATA0A_SIOLOGIC,output,C4,MIB_R0C11_PIOT0_JTXDATA0A_SIOLOGIC,unknown,MIB_R0C11,PIOA
pad_C5_JPADDIB_PIO,input,C5,MIB_R0C15_PIOT0_JPADDIB_PIO,unknown,MIB_R0C15,PIOA
pad_C5_PADDOA_PIO,output,C5,MIB_R0C15_PIOT0_PADDOA_PIO,unknown,MIB_R0C15,PIOA
pad_C6_JPADDIB_PIO,input,C6,MIB_R0C22_PIOT0_JPADDIB_PIO,unknown,MIB_R0C22,PIOA
pad_C6_JTXDATA0A_SIOLOGIC,output,C6,MIB_R0C22_PIOT0_JTXDATA0A_SIOLOGIC,unknown,MIB_R0C22,PIOA
pad_C8_JTSDATA0B_SIOLOGIC,output,C8,MIB_R0C35_PIOT0_JTSDATA0B_SIOLOGIC,unknown,MIB_R0C35,PIOA
pad_E4_JTXDATA0B_SIOLOGIC,output,E4,MIB_R0C9_PIOT0_JTXDATA0B_SIOLOGIC,unknown,MIB_R0C9,PIOA
pad_E5_PADDOB_PIO,output,E5,MIB_R0C13_PIOT0_PADDOB_PIO,unknown,MIB_R0C13,PIOA
pad_E6_JTXDATA0B_SIOLOGIC,output,E6,MIB_R0C20_PIOT0_JTXDATA0B_SIOLOGIC,unknown,MIB_R0C20,PIOA
